Laureate_Id_x,Firstname,Lastname,Gender,Birth_Date,Birth_Country,Birth_City,Birth_Country_Code,Death_Date,Death_Country,Death_City,Death_Country_Code,Organization_Name,Organization_City,Organization_Country,Year,Laureate_Id_y,Category,Prize_Share,Motivation
1,Wilhelm Conrad,Röntgen,male,1845-03-27,Prussia (now Germany),Lennep (now Remscheid),DE,10/02/1923,Germany,Munich,DE,Munich University,Munich,Germany,1901,1,physics,1,"""in recognition of the extraordinary services he has rendered by the discovery of the remarkable rays subsequently named after him"""
293,Emil,von Behring,male,1854-03-15,Prussia (now Poland),Hansdorf (now Lawice),PL,31/03/1917,Germany,Marburg,DE,Marburg University,Marburg,Germany,1901,293,medicine,1,"""for his work on serum therapy especially its application against diphtheria by which he has opened a new road in the domain of medical science and thereby placed in the hands of the physician a victorious weapon against illness and deaths"""
160,Jacobus H.,van 't Hoff,male,1852-08-30,the Netherlands,Rotterdam,NL,01/03/1911,Germany,Berlin,DE,Berlin University,Berlin,Germany,1901,160,chemistry,1,"""in recognition of the extraordinary services he has rendered by the discovery of the laws of chemical dynamics and osmotic pressure in solutions"""
161,Emil,Fischer,male,1852-10-09,Prussia (now Germany),Euskirchen,DE,15/07/1919,Germany,Berlin,DE,Berlin University,Berlin,Germany,1902,161,chemistry,1,"""in recognition of the extraordinary services he has rendered by his work on sugar and purine syntheses"""
3,Pieter,Zeeman,male,1865-05-25,the Netherlands,Zonnemaire,NL,09/10/1943,the Netherlands,Amsterdam,NL,Amsterdam University,Amsterdam,the Netherlands,1902,3,physics,2,"""in recognition of the extraordinary service they rendered by their researches into the influence of magnetism upon radiation phenomena"""
294,Ronald,Ross,male,1857-05-13,India,Almora,IN,16/09/1932,United Kingdom,Putney Heath,GB,University College,Liverpool,United Kingdom,1902,294,medicine,1,"""for his work on malaria by which he has shown how it enters the organism and thereby has laid the foundation for successful research on this disease and methods of combating it"""
5,Pierre,Curie,male,1859-05-15,France,Paris,FR,19/04/1906,France,Paris,FR,École municipale de physique et de chimie industrielles (Municipal School of Industrial Physics and Chemistry),Paris,France,1903,5,physics,4,"""in recognition of the extraordinary services they have rendered by their joint researches on the radiation phenomena discovered by Professor Henri Becquerel"""
295,Niels Ryberg,Finsen,male,1860-12-15,Faroe Islands (Denmark),Thorshavn,DK,24/09/1904,Denmark,Copenhagen,DK,Finsen Medical Light Institute,Copenhagen,Denmark,1903,295,medicine,1,"""in recognition of his contribution to the treatment of diseases especially lupus vulgaris with concentrated light radiation whereby he has opened a new avenue for medical science"""
162,Svante,Arrhenius,male,1859-02-19,Sweden,Vik,SE,02/10/1927,Sweden,Stockholm,SE,Stockholm University,Stockholm,Sweden,1903,162,chemistry,1,"""in recognition of the extraordinary services he has rendered to the advancement of chemistry by his electrolytic theory of dissociation"""
163,Sir William,Ramsay,male,1852-10-02,Scotland,Glasgow,GB,23/07/1916,United Kingdom,High Wycombe,GB,University College,London,United Kingdom,1904,163,chemistry,1,"""in recognition of his services in the discovery of the inert gaseous elements in air and his determination of their place in the periodic system"""
296,Ivan,Pavlov,male,1849-09-14,Russia,Ryazan,RU,27/02/1936,Russia,Leningrad,RU,Military Medical Academy,St. Petersburg,Russia,1904,296,medicine,1,"""in recognition of his work on the physiology of digestion through which knowledge on vital aspects of the subject has been transformed and enlarged"""
164,Adolf,von Baeyer,male,1835-10-31,Prussia (now Germany),Berlin,DE,20/08/1917,Germany,Starnberg,DE,Munich University,Munich,Germany,1905,164,chemistry,1,"""in recognition of his services in the advancement of organic chemistry and the chemical industry through his work on organic dyes and hydroaromatic compounds"""
9,Philipp,Lenard,male,1862-06-07,Hungary (now Slovakia),Pressburg (now Bratislava),SK,20/05/1947,Germany,Messelhausen,DE,Kiel University,Kiel,Germany,1905,9,physics,1,"""for his work on cathode rays"""
297,Robert,Koch,male,1843-12-11,Germany,Clausthal (now Clausthal-Zellerfeld),DE,27/05/1910,Germany,Baden-Baden,DE,Institute for Infectious Diseases,Berlin,Germany,1905,297,medicine,1,"""for his investigations and discoveries in relation to tuberculosis"""
10,J.J.,Thomson,male,1856-12-18,United Kingdom,Cheetham Hill,GB,30/08/1940,United Kingdom,Cambridge,GB,University of Cambridge,Cambridge,United Kingdom,1906,10,physics,1,"""in recognition of the great merits of his theoretical and experimental investigations on the conduction of electricity by gases"""
299,Santiago,Ramón y Cajal,male,1852-05-01,Spain,Petilla de Aragón,ES,17/10/1934,Spain,Madrid,ES,Madrid University,Madrid,Spain,1906,299,medicine,2,"""in recognition of their work on the structure of the nervous system"""
165,Henri,Moissan,male,1852-09-28,France,Paris,FR,20/02/1907,France,Paris,FR,Sorbonne University,Paris,France,1906,165,chemistry,1,"""in recognition of the great services rendered by him in his investigation and isolation of the element fluorine and for the adoption in the service of science of the electric furnace called after him"""
298,Camillo,Golgi,male,1843-07-07,Italy,Corteno,IT,21/01/1926,Italy,Pavia,IT,Pavia University,Pavia,Italy,1906,298,medicine,2,"""in recognition of their work on the structure of the nervous system"""
300,Alphonse,Laveran,male,1845-06-18,France,Paris,FR,18/05/1922,France,Paris,FR,Institut Pasteur,Paris,France,1907,300,medicine,1,"""in recognition of his work on the role played by protozoa in causing diseases"""
166,Eduard,Buchner,male,1860-05-20,Bavaria (now Germany),Munich,DE,13/08/1917,Romania,Focsani,RO,Landwirtschaftliche Hochschule (Agricultural College),Berlin,Germany,1907,166,chemistry,1,"""for his biochemical researches and his discovery of cell-free fermentation"""
472,Louis,Renault,male,1843-05-21,France,Autun,FR,08/02/1918,France,Barbizon,FR,Sorbonne University,Paris,France,1907,472,peace,2,"""for his decisive influence upon the conduct and outcome of the Hague and Geneva Conferences"""
11,Albert A.,Michelson,male,1852-12-19,Prussia (now Poland),Strelno (now Strzelno),PL,09/05/1931,USA,Pasadena CA,US,University of Chicago,Chicago IL,USA,1907,11,physics,1,"""for his optical precision instruments and the spectroscopic and metrological investigations carried out with their aid"""
167,Ernest,Rutherford,male,1871-08-30,New Zealand,Nelson,NZ,19/10/1937,United Kingdom,Cambridge,GB,Victoria University,Manchester,United Kingdom,1908,167,chemistry,1,"""for his investigations into the disintegration of the elements and the chemistry of radioactive substances"""
301,Ilya,Mechnikov,male,1845-05-15,Russian Empire (now Ukraine),Kharkov (now Kharkiv),UA,15/07/1916,France,Paris,FR,Institut Pasteur,Paris,France,1908,301,medicine,2,"""in recognition of their work on immunity"""
302,Paul,Ehrlich,male,1854-03-14,Prussia (now Poland),Strehlen (now Strzelin),PL,20/08/1915,Germany,Bad Homburg vor der Höhe,DE,Goettingen University,Göttingen,Germany,1908,302,medicine,2,"""in recognition of their work on immunity"""
13,Guglielmo,Marconi,male,1874-04-25,Italy,Bologna,IT,20/07/1937,Italy,Rome,IT,Marconi Wireless Telegraph Co. Ltd.,London,United Kingdom,1909,13,physics,2,"""in recognition of their contributions to the development of wireless telegraphy"""
303,Theodor,Kocher,male,1841-08-25,Switzerland,Bern,CH,27/07/1917,Switzerland,Bern,CH,Berne University,Bern,Switzerland,1909,303,medicine,1,"""for his work on the physiology pathology and surgery of the thyroid gland"""
168,Wilhelm,Ostwald,male,1853-09-02,Russian Empire (now Latvia),Riga,LV,04/04/1932,Germany,Leipzig,DE,Leipzig University,Leipzig,Germany,1909,168,chemistry,1,"""in recognition of his work on catalysis and for his investigations into the fundamental principles governing chemical equilibria and rates of reaction"""
14,Ferdinand,Braun,male,1850-06-06,Hesse-Kassel (now Germany),Fulda,DE,20/04/1918,USA,Brooklyn NY,US,Strasbourg University,Strasbourg,Germany (now France),1909,14,physics,2,"""in recognition of their contributions to the development of wireless telegraphy"""
15,Johannes Diderik,van der Waals,male,1837-11-23,the Netherlands,Leiden,NL,08/03/1923,the Netherlands,Amsterdam,NL,Amsterdam University,Amsterdam,the Netherlands,1910,15,physics,1,"""for his work on the equation of state for gases and liquids"""
304,Albrecht,Kossel,male,1853-09-16,Mecklenburg (now Germany),Rostock,DE,05/07/1927,Germany,Heidelberg,DE,University of Heidelberg,Heidelberg,Germany,1910,304,medicine,1,"""in recognition of the contributions to our knowledge of cell chemistry made through his work on proteins including the nucleic substances"""
169,Otto,Wallach,male,1847-03-27,Germany (now Russia),Koenigsberg (now Kaliningrad),RU,26/02/1931,Germany,Göttingen,DE,Goettingen University,Göttingen,Germany,1910,169,chemistry,1,"""in recognition of his services to organic chemistry and the chemical industry by his pioneer work in the field of alicyclic compounds"""
6,Marie,Curie,female,1867-11-07,Russian Empire (now Poland),Warsaw,PL,04/07/1934,France,Sallanches,FR,Sorbonne University,Paris,France,1903,6,physics,4,"""in recognition of the extraordinary services they have rendered by their joint researches on the radiation phenomena discovered by Professor Henri Becquerel"""
6,Marie,Curie,female,1867-11-07,Russian Empire (now Poland),Warsaw,PL,04/07/1934,France,Sallanches,FR,Sorbonne University,Paris,France,1911,6,chemistry,1,"""in recognition of her services to the advancement of chemistry by the discovery of the elements radium and polonium by the isolation of radium and the study of the nature and compounds of this remarkable element"""
16,Wilhelm,Wien,male,1864-01-13,Prussia (now Russia),Gaffken (now Parusnoye),RU,30/08/1928,Germany,Munich,DE,Würzburg University,Würzburg,Germany,1911,16,physics,1,"""for his discoveries regarding the laws governing the radiation of heat"""
305,Allvar,Gullstrand,male,1862-06-05,Sweden,Landskrona,SE,28/07/1930,Sweden,Stockholm,SE,Uppsala University,Uppsala,Sweden,1911,305,medicine,1,"""for his work on the dioptrics of the eye"""
306,Alexis,Carrel,male,1873-06-28,France,Sainte-Foy-lès-Lyon,FR,05/11/1944,France,Paris,FR,Rockefeller Institute for Medical Research,New York NY,USA,1912,306,medicine,1,"""in recognition of his work on vascular suture and the transplantation of blood vessels and organs"""
173,Paul,Sabatier,male,1854-11-05,France,Carcassonne,FR,14/08/1941,France,Toulouse,FR,Toulouse University,Toulouse,France,1912,173,chemistry,2,"""for his method of hydrogenating organic compounds in the presence of finely disintegrated metals whereby the progress of organic chemistry has been greatly advanced in recent years"""
172,Victor,Grignard,male,1871-05-06,France,Cherbourg,FR,13/12/1935,France,Lyon,FR,Nancy University,Nancy,France,1912,172,chemistry,2,"""for the discovery of the so-called Grignard reagent which in recent years has greatly advanced the progress of organic chemistry"""
17,Gustaf,Dalén,male,1869-11-30,Sweden,Stenstorp,SE,09/12/1937,Sweden,Stockholm,SE,Swedish Gas-Accumulator Co.,Lidingö Stockholm,Sweden,1912,17,physics,1,"""for his invention of automatic regulators for use in conjunction with gas accumulators for illuminating lighthouses and buoys"""
307,Charles,Richet,male,1850-08-26,France,Paris,FR,04/12/1935,France,Paris,FR,Sorbonne University,Paris,France,1913,307,medicine,1,"""in recognition of his work on anaphylaxis"""
174,Alfred,Werner,male,1866-12-12,France,Mulhouse,FR,15/11/1919,Switzerland,Zurich,CH,University of Zurich,Zurich,Switzerland,1913,174,chemistry,1,"""in recognition of his work on the linkage of atoms in molecules by which he has thrown new light on earlier investigations and opened up new fields of research especially in inorganic chemistry"""
18,Heike,Kamerlingh Onnes,male,1853-09-21,the Netherlands,Groningen,NL,21/02/1926,the Netherlands,Leiden,NL,Leiden University,Leiden,the Netherlands,1913,18,physics,1,"""for his investigations on the properties of matter at low temperatures which led inter alia to the production of liquid helium"""
19,Max,von Laue,male,1879-10-09,Germany,Pfaffendorf,DE,23/04/1960,West Germany (now Germany),Berlin,DE,Frankfurt-on-the-Main University,Frankfurt-on-the-Main,Germany,1914,19,physics,1,"""for his discovery of the diffraction of X-rays by crystals"""
308,Robert,Bárány,male,1876-04-22,Austria,Vienna,AT,08/04/1936,Sweden,Uppsala,SE,Vienna University,Vienna,Austria,1914,308,medicine,1,"""for his work on the physiology and pathology of the vestibular apparatus"""
175,Theodore W.,Richards,male,1868-01-31,USA,Germantown PA,US,02/04/1928,USA,Cambridge MA,US,Harvard University,Cambridge MA,USA,1914,175,chemistry,1,"""in recognition of his accurate determinations of the atomic weight of a large number of chemical elements"""
20,William,Bragg,male,1862-07-02,United Kingdom,Wigton,GB,12/03/1942,United Kingdom,London,GB,University College,London,United Kingdom,1915,20,physics,2,"""for their services in the analysis of crystal structure by means of X-rays"""
21,Lawrence,Bragg,male,1890-03-31,Australia,Adelaide,AU,01/07/1971,United Kingdom,Ipswich,GB,Victoria University,Manchester,United Kingdom,1915,21,physics,2,"""for their services in the analysis of crystal structure by means of X-rays"""
176,Richard,Willstätter,male,1872-08-13,Germany,Karlsruhe,DE,03/08/1942,Switzerland,Locarno,CH,Kaiser-Wilhelm-Institut (now Max-Planck Institut) für Chemie,Berlin-Dahlem,Germany,1915,176,chemistry,1,"""for his researches on plant pigments especially chlorophyll"""
22,Charles Glover,Barkla,male,1877-06-07,United Kingdom,Widnes,GB,23/10/1944,Scotland,Edinburgh,GB,Edinburgh University,Edinburgh,United Kingdom,1917,22,physics,1,"""for his discovery of the characteristic R&ouml;ntgen radiation of the elements"""
23,Max,Planck,male,1858-04-23,Schleswig (now Germany),Kiel,DE,04/10/1947,West Germany (now Germany),Göttingen,DE,Berlin University,Berlin,Germany,1918,23,physics,1,"""in recognition of the services he rendered to the advancement of Physics by his discovery of energy quanta"""
177,Fritz,Haber,male,1868-12-09,Prussia (now Poland),Breslau (now Wroclaw),PL,29/01/1934,Switzerland,Basel,CH,Kaiser-Wilhelm-Institut (now Fritz-Haber-Institut) für physikalische Chemie und Electrochemie,Berlin-Dahlem,Germany,1918,177,chemistry,1,"""for the synthesis of ammonia from its elements"""
309,Jules,Bordet,male,1870-06-13,Belgium,Soignies,BE,06/04/1961,Belgium,Brussels,BE,Brussels University,Brussels,Belgium,1919,309,medicine,1,"""for his discoveries relating to immunity"""
24,Johannes,Stark,male,1874-04-15,Germany,Schickenhof,DE,21/06/1957,West Germany (now Germany),Traunstein,DE,Greifswald University,Greifswald,Germany,1919,24,physics,1,"""for his discovery of the Doppler effect in canal rays and the splitting of spectral lines in electric fields"""
25,Charles Edouard,Guillaume,male,1861-02-15,Switzerland,Fleurier,CH,13/06/1938,France,Sèvres,FR,Bureau International des Poids et Mesures (International Bureau of Weights and Measures),Sèvres,France,1920,25,physics,1,"""in recognition of the service he has rendered to precision measurements in Physics by his discovery of anomalies in nickel steel alloys"""
178,Walther,Nernst,male,1864-06-25,Prussia (now Poland),Briesen (now Wąbrzeźno),PL,18/11/1941,Germany,Muskau,DE,Berlin University,Berlin,Germany,1920,178,chemistry,1,"""in recognition of his work in thermochemistry"""
310,August,Krogh,male,1874-11-15,Denmark,Grenå,DK,13/09/1949,Denmark,Copenhagen,DK,Copenhagen University,Copenhagen,Denmark,1920,310,medicine,1,"""for his discovery of the capillary motor regulating mechanism"""
26,Albert,Einstein,male,1879-03-14,Germany,Ulm,DE,18/04/1955,USA,Princeton NJ,US,Kaiser-Wilhelm-Institut (now Max-Planck-Institut) für Physik,Berlin,Germany,1921,26,physics,1,"""for his services to Theoretical Physics and especially for his discovery of the law of the photoelectric effect"""
179,Frederick,Soddy,male,1877-09-02,United Kingdom,Eastbourne,GB,22/09/1956,United Kingdom,Brighton,GB,University of Oxford,Oxford,United Kingdom,1921,179,chemistry,1,"""for his contributions to our knowledge of the chemistry of radioactive substances and his investigations into the origin and nature of isotopes"""
27,Niels,Bohr,male,1885-10-07,Denmark,Copenhagen,DK,18/11/1962,Denmark,Copenhagen,DK,Copenhagen University,Copenhagen,Denmark,1922,27,physics,1,"""for his services in the investigation of the structure of atoms and of the radiation emanating from them"""
180,Francis W.,Aston,male,1877-09-01,United Kingdom,Harborne,GB,20/11/1945,United Kingdom,Cambridge,GB,University of Cambridge,Cambridge,United Kingdom,1922,180,chemistry,1,"""for his discovery by means of his mass spectrograph of isotopes in a large number of non-radioactive elements and for his enunciation of the whole-number rule"""
312,Otto,Meyerhof,male,1884-04-12,Germany,Hanover,DE,06/10/1951,USA,Philadelphia PA,US,Kiel University,Kiel,Germany,1922,312,medicine,2,"""for his discovery of the fixed relationship between the consumption of oxygen and the metabolism of lactic acid in the muscle"""
311,Archibald V.,Hill,male,1886-09-26,United Kingdom,Bristol,GB,03/06/1977,United Kingdom,Cambridge,GB,London University,London,United Kingdom,1922,311,medicine,2,"""for his discovery relating to the production of heat in the muscle"""
313,Frederick G.,Banting,male,1891-11-14,Canada,Alliston,CA,21/02/1941,Canada,Newfoundland,CA,University of Toronto,Toronto,Canada,1923,313,medicine,2,"""for the discovery of insulin"""
314,John,Macleod,male,1876-09-06,Scotland,Cluny,GB,16/03/1935,Scotland,Aberdeen,GB,University of Toronto,Toronto,Canada,1923,314,medicine,2,"""for the discovery of insulin"""
28,Robert A.,Millikan,male,1868-03-22,USA,Morrison IL,US,19/12/1953,USA,San Marino CA,US,California Institute of Technology (Caltech),Pasadena CA,USA,1923,28,physics,1,"""for his work on the elementary charge of electricity and on the photoelectric effect"""
181,Fritz,Pregl,male,1869-09-03,Austria-Hungary (now Slovenia),Laibach (now Ljubljana),SI,13/12/1930,Austria,Graz,AT,Graz University,Graz,Austria,1923,181,chemistry,1,"""for his invention of the method of micro-analysis of organic substances"""
315,Willem,Einthoven,male,1860-05-21,Java Dutch East Indies (now Indonesia),Semarang,ID,29/09/1927,the Netherlands,Leiden,NL,Leiden University,Leiden,the Netherlands,1924,315,medicine,1,"""for his discovery of the mechanism of the electrocardiogram"""
29,Manne,Siegbahn,male,1886-12-03,Sweden,Örebro,SE,26/09/1978,Sweden,Stockholm,SE,Uppsala University,Uppsala,Sweden,1924,29,physics,1,"""for his discoveries and research in the field of X-ray spectroscopy"""
30,James,Franck,male,1882-08-26,Germany,Hamburg,DE,21/05/1964,West Germany (now Germany),Göttingen,DE,Goettingen University,Göttingen,Germany,1925,30,physics,2,"""for their discovery of the laws governing the impact of an electron upon an atom"""
31,Gustav,Hertz,male,1887-07-22,Germany,Hamburg,DE,30/10/1975,East Germany (now Germany),Berlin,DE,Halle University,Halle,Germany,1925,31,physics,2,"""for their discovery of the laws governing the impact of an electron upon an atom"""
182,Richard,Zsigmondy,male,1865-04-01,Austrian Empire (now Austria),Vienna,AT,24/09/1929,Germany,Göttingen,DE,Goettingen University,Göttingen,Germany,1925,182,chemistry,1,"""for his demonstration of the heterogenous nature of colloid solutions and for the methods he used which have since become fundamental in modern colloid chemistry"""
316,Johannes,Fibiger,male,1867-04-23,Denmark,Silkeborg,DK,30/01/1928,Denmark,Copenhagen,DK,Copenhagen University,Copenhagen,Denmark,1926,316,medicine,1,"""for his discovery of the Spiroptera carcinoma"""
32,Jean Baptiste,Perrin,male,1870-09-30,France,Lille,FR,17/04/1942,USA,New York NY,US,Sorbonne University,Paris,France,1926,32,physics,1,"""for his work on the discontinuous structure of matter and especially for his discovery of sedimentation equilibrium"""
183,The,Svedberg,male,1884-08-30,Sweden,Fleräng,SE,25/02/1971,Sweden,Örebro,SE,Uppsala University,Uppsala,Sweden,1926,183,chemistry,1,"""for his work on disperse systems"""
33,Arthur H.,Compton,male,1892-09-10,USA,Wooster OH,US,15/03/1962,USA,Berkeley CA,US,University of Chicago,Chicago IL,USA,1927,33,physics,2,"""for his discovery of the effect named after him"""
34,C.T.R.,Wilson,male,1869-02-14,Scotland,Glencorse,GB,15/11/1959,Scotland,Carlops,GB,University of Cambridge,Cambridge,United Kingdom,1927,34,physics,2,"""for his method of making the paths of electrically charged particles visible by condensation of vapour"""
317,Julius,Wagner-Jauregg,male,1857-03-07,Austria,Wels,AT,27/09/1940,Austria,Vienna,AT,Vienna University,Vienna,Austria,1927,317,medicine,1,"""for his discovery of the therapeutic value of malaria inoculation in the treatment of dementia paralytica"""
184,Heinrich,Wieland,male,1877-06-04,Germany,Pforzheim,DE,05/08/1957,West Germany (now Germany),Munich,DE,Munich University,Munich,Germany,1927,184,chemistry,1,"""for his investigations of the constitution of the bile acids and related substances"""
318,Charles,Nicolle,male,1866-09-21,France,Rouen,FR,28/02/1936,Tunisia,Tunis,TN,Institut Pasteur,Tunis,Tunisia,1928,318,medicine,1,"""for his work on typhus"""
185,Adolf,Windaus,male,1876-12-25,Germany,Berlin,DE,09/06/1959,West Germany (now Germany),Göttingen,DE,Goettingen University,Göttingen,Germany,1928,185,chemistry,1,"""for the services rendered through his research into the constitution of the sterols and their connection with the vitamins"""
35,Owen Willans,Richardson,male,1879-04-26,United Kingdom,Dewsbury,GB,15/02/1959,United Kingdom,Alton,GB,London University,London,United Kingdom,1928,35,physics,1,"""for his work on the thermionic phenomenon and especially for the discovery of the law named after him"""
186,Arthur,Harden,male,1865-10-12,United Kingdom,Manchester,GB,17/06/1940,United Kingdom,Bourne,GB,London University,London,United Kingdom,1929,186,chemistry,2,"""for their investigations on the fermentation of sugar and fermentative enzymes"""
187,Hans,von Euler-Chelpin,male,1873-02-15,Germany,Augsburg,DE,06/11/1964,Sweden,Stockholm,SE,Stockholm University,Stockholm,Sweden,1929,187,chemistry,2,"""for their investigations on the fermentation of sugar and fermentative enzymes"""
319,Christiaan,Eijkman,male,1858-08-11,the Netherlands,Nijkerk,NL,05/11/1930,the Netherlands,Utrecht,NL,Utrecht University,Utrecht,the Netherlands,1929,319,medicine,2,"""for his discovery of the antineuritic vitamin"""
36,Louis,de Broglie,male,1892-08-15,France,Dieppe,FR,19/03/1987,France,Paris,FR,Sorbonne University Institut Henri Poincaré,Paris,France,1929,36,physics,1,"""for his discovery of the wave nature of electrons"""
320,Sir Frederick,Hopkins,male,1861-06-20,United Kingdom,Eastbourne,GB,16/05/1947,United Kingdom,Cambridge,GB,University of Cambridge,Cambridge,United Kingdom,1929,320,medicine,2,"""for his discovery of the growth-stimulating vitamins"""
321,Karl,Landsteiner,male,1868-06-14,Austrian Empire (now Austria),Vienna,AT,26/06/1943,USA,New York NY,US,Rockefeller Institute for Medical Research,New York NY,USA,1930,321,medicine,1,"""for his discovery of human blood groups"""
188,Hans,Fischer,male,1881-07-27,Germany,Hoechst,DE,31/03/1945,Germany,Munich,DE,Technische Hochschule (Institute of Technology),Munich,Germany,1930,188,chemistry,1,"""for his researches into the constitution of haemin and chlorophyll and especially for his synthesis of haemin"""
37,Sir Chandrasekhara Venkata,Raman,male,1888-11-07,India,Tiruchirappalli,IN,21/11/1970,India,Bangalore,IN,Calcutta University,Calcutta,India,1930,37,physics,1,"""for his work on the scattering of light and for the discovery of the effect named after him"""
322,Otto,Warburg,male,1883-10-08,Germany,Freiburg im Breisgau,DE,01/08/1970,West Germany (now Germany),West Berlin,DE,Kaiser-Wilhelm-Institut (now Max-Planck-Institut) für Biologie,Berlin-Dahlem,Germany,1931,322,medicine,1,"""for his discovery of the nature and mode of action of the respiratory enzyme"""
189,Carl,Bosch,male,1874-08-27,Germany,Cologne,DE,26/04/1940,Germany,Heidelberg,DE,University of Heidelberg,Heidelberg,Germany,1931,189,chemistry,2,"""in recognition of their contributions to the invention and development of chemical high pressure methods"""
190,Friedrich,Bergius,male,1884-10-11,Germany (now Poland),Goldschmieden near Breslau,PL,30/03/1949,Argentina,Buenos Aires,AR,University of Heidelberg,Heidelberg,Germany,1931,190,chemistry,2,"""in recognition of their contributions to the invention and development of chemical high pressure methods"""
497,Nicholas Murray,Butler,male,1862-04-02,USA,Elizabeth NJ,US,07/12/1947,USA,New York NY,US,Columbia University,New York NY,USA,1931,497,peace,2,"""for their assiduous effort to revive the ideal of peace and to rekindle the spirit of peace in their own nation and in the whole of mankind"""
324,Edgar,Adrian,male,1889-11-30,United Kingdom,London,GB,08/08/1977,United Kingdom,Cambridge,GB,University of Cambridge,Cambridge,United Kingdom,1932,324,medicine,2,"""for their discoveries regarding the functions of neurons"""
323,Sir Charles,Sherrington,male,1857-11-27,United Kingdom,London,GB,04/03/1952,United Kingdom,Eastbourne,GB,University of Oxford,Oxford,United Kingdom,1932,323,medicine,2,"""for their discoveries regarding the functions of neurons"""
38,Werner,Heisenberg,male,05/12/1901,Germany,Würzburg,DE,01/02/1976,West Germany (now Germany),Munich,DE,Leipzig University,Leipzig,Germany,1932,38,physics,1,"""for the creation of quantum mechanics the application of which has inter alia led to the discovery of the allotropic forms of hydrogen"""
191,Irving,Langmuir,male,1881-01-31,USA,Brooklyn NY,US,16/08/1957,USA,Falmouth MA,US,General Electric Company,Schenectady NY,USA,1932,191,chemistry,1,"""for his discoveries and investigations in surface chemistry"""
40,Paul A.M.,Dirac,male,08/08/1902,United Kingdom,Bristol,GB,20/10/1984,USA,Tallahassee FL,US,University of Cambridge,Cambridge,United Kingdom,1933,40,physics,2,"""for the discovery of new productive forms of atomic theory"""
39,Erwin,Schrödinger,male,1887-08-12,Austria,Vienna,AT,04/01/1961,Austria,Vienna,AT,Berlin University,Berlin,Germany,1933,39,physics,2,"""for the discovery of new productive forms of atomic theory"""
325,Thomas H.,Morgan,male,1866-09-25,USA,Lexington KY,US,04/12/1945,USA,Pasadena CA,US,California Institute of Technology (Caltech),Pasadena CA,USA,1933,325,medicine,1,"""for his discoveries concerning the role played by the chromosome in heredity"""
326,George H.,Whipple,male,1878-08-28,USA,Ashland NH,US,01/02/1976,USA,Rochester NY,US,University of Rochester,Rochester NY,USA,1934,326,medicine,3,"""for their discoveries concerning liver therapy in cases of anaemia"""
192,Harold C.,Urey,male,1893-04-29,USA,Walkerton IN,US,05/01/1981,USA,La Jolla CA,US,Columbia University,New York NY,USA,1934,192,chemistry,1,"""for his discovery of heavy hydrogen"""
327,George R.,Minot,male,1885-12-02,USA,Boston MA,US,25/02/1950,USA,Brookline MA,US,Harvard University,Cambridge MA,USA,1934,327,medicine,3,"""for their discoveries concerning liver therapy in cases of anaemia"""
328,William P.,Murphy,male,1892-02-06,USA,Stoughton WI,US,09/10/1987,USA,Brookline MA,US,Harvard University,Cambridge MA,USA,1934,328,medicine,3,"""for their discoveries concerning liver therapy in cases of anaemia"""
193,Frédéric,Joliot,male,19/03/1900,France,Paris,FR,14/08/1958,France,Paris,FR,Institut du Radium,Paris,France,1935,193,chemistry,2,"""in recognition of their synthesis of new radioactive elements"""
194,Irène,Joliot-Curie,female,1897-09-12,France,Paris,FR,17/03/1956,France,Paris,FR,Institut du Radium,Paris,France,1935,194,chemistry,2,"""in recognition of their synthesis of new radioactive elements"""
41,James,Chadwick,male,1891-10-20,United Kingdom,Manchester,GB,24/07/1974,United Kingdom,Cambridge,GB,Liverpool University,Liverpool,United Kingdom,1935,41,physics,1,"""for the discovery of the neutron"""
329,Hans,Spemann,male,1869-06-27,Württemberg (now Germany),Stuttgart,DE,12/09/1941,Germany,Freiburg im Breisgau,DE,University of Freiburg im Breisgau,Breisgau,Germany,1935,329,medicine,1,"""for his discovery of the organizer effect in embryonic development"""
195,Peter,Debye,male,1884-03-24,the Netherlands,Maastricht,NL,02/11/1966,USA,Ithaca NY,US,Berlin University,Berlin,Germany,1936,195,chemistry,1,"""for his contributions to our knowledge of molecular structure through his investigations on dipole moments and on the diffraction of X-rays and electrons in gases"""
331,Otto,Loewi,male,1873-06-03,Germany,Frankfurt-on-the-Main,DE,25/12/1961,USA,New York NY,US,Graz University,Graz,Austria,1936,331,medicine,2,"""for their discoveries relating to chemical transmission of nerve impulses"""
42,Victor F.,Hess,male,1883-06-24,Austria,Peggau,AT,17/12/1964,USA,Mount Vernon NY,US,Innsbruck University,Innsbruck,Austria,1936,42,physics,2,"""for his discovery of cosmic radiation"""
330,Sir Henry,Dale,male,1875-06-09,United Kingdom,London,GB,23/07/1968,United Kingdom,Cambridge,GB,National Institute for Medical Research,London,United Kingdom,1936,330,medicine,2,"""for their discoveries relating to chemical transmission of nerve impulses"""
43,Carl D.,Anderson,male,03/09/1905,USA,New York NY,US,11/01/1991,USA,San Marino CA,US,California Institute of Technology (Caltech),Pasadena CA,USA,1936,43,physics,2,"""for his discovery of the positron"""
45,George Paget,Thomson,male,1892-05-03,United Kingdom,Cambridge,GB,10/09/1975,United Kingdom,Cambridge,GB,London University,London,United Kingdom,1937,45,physics,2,"""for their experimental discovery of the diffraction of electrons by crystals"""
332,Albert,Szent-Györgyi,male,1893-09-16,Austria-Hungary (now Hungary),Budapest,HU,22/10/1986,USA,Woods Hole MA,US,Szeged University,Szeged,Hungary,1937,332,medicine,1,"""for his discoveries in connection with the biological combustion processes with special reference to vitamin C and the catalysis of fumaric acid"""
196,Norman,Haworth,male,1883-03-19,United Kingdom,Chorley,GB,19/03/1950,United Kingdom,Birmingham,GB,Birmingham University,Birmingham,United Kingdom,1937,196,chemistry,2,"""for his investigations on carbohydrates and vitamin C"""
44,Clinton,Davisson,male,1881-10-22,USA,Bloomington IL,US,01/02/1958,USA,Charlottesville VA,US,Bell Telephone Laboratories,New York NY,USA,1937,44,physics,2,"""for their experimental discovery of the diffraction of electrons by crystals"""
197,Paul,Karrer,male,1889-04-21,Russia,Moscow,RU,18/06/1971,Switzerland,Zurich,CH,University of Zurich,Zurich,Switzerland,1937,197,chemistry,2,"""for his investigations on carotenoids flavins and vitamins A and B2"""
46,Enrico,Fermi,male,29/09/1901,Italy,Rome,IT,28/11/1954,USA,Chicago IL,US,Rome University,Rome,Italy,1938,46,physics,1,"""for his demonstrations of the existence of new radioactive elements produced by neutron irradiation and for his related discovery of nuclear reactions brought about by slow neutrons"""
198,Richard,Kuhn,male,03/12/1900,Austria-Hungary (now Austria),Vienna,AT,31/07/1967,West Germany (now Germany),Heidelberg,DE,Kaiser-Wilhelm-Institut (now Max-Planck Institut) für Medizinische Forschung,Heidelberg,Germany,1938,198,chemistry,1,"""for his work on carotenoids and vitamins"""
333,Corneille,Heymans,male,1892-03-28,Belgium,Ghent,BE,18/07/1968,Belgium,Knokke,BE,Ghent University,Ghent,Belgium,1938,333,medicine,1,"""for the discovery of the role played by the sinus and aortic mechanisms in the regulation of respiration"""
334,Gerhard,Domagk,male,1895-10-30,Germany (now Poland),Lagow,PL,24/04/1964,West Germany (now Germany),Burgberg,DE,Munster University,Munster,Germany,1939,334,medicine,1,"""for the discovery of the antibacterial effects of prontosil"""
47,Ernest,Lawrence,male,08/08/1901,USA,Canton SD,US,27/08/1958,USA,Palo Alto CA,US,University of California,Berkeley CA,USA,1939,47,physics,1,"""for the invention and development of the cyclotron and for results obtained with it especially with regard to artificial radioactive elements"""
200,Leopold,Ruzicka,male,1887-09-13,Austria-Hungary (now Croatia),Vukovar,HR,26/09/1976,Switzerland,Zurich,CH,Eidgenössische Technische Hochschule (Swiss Federal Institute of Technology),Zurich,Switzerland,1939,200,chemistry,2,"""for his work on polymethylenes and higher terpenes"""
199,Adolf,Butenandt,male,24/03/1903,Germany,Bremerhaven-Lehe,DE,18/01/1995,Germany,Munich,DE,Kaiser-Wilhelm-Institut (now Max-Planck-Institut) für Biochemie,Berlin-Dahlem,Germany,1939,199,chemistry,2,"""for his work on sex hormones"""
335,Henrik,Dam,male,1895-02-21,Denmark,Copenhagen,DK,17/04/1976,Denmark,Copenhagen,DK,Polytechnic Institute,Copenhagen,Denmark,1943,335,medicine,2,"""for his discovery of vitamin K"""
336,Edward A.,Doisy,male,1893-11-13,USA,Hume IL,US,23/10/1986,USA,St. Louis MO,US,Saint Louis University,St. Louis MO,USA,1943,336,medicine,2,"""for his discovery of the chemical nature of vitamin K"""
201,George,de Hevesy,male,1885-08-01,Austria-Hungary (now Hungary),Budapest,HU,05/07/1966,West Germany (now Germany),Freiburg im Breisgau,DE,Stockholm University,Stockholm,Sweden,1943,201,chemistry,1,"""for his work on the use of isotopes as tracers in the study of chemical processes"""
48,Otto,Stern,male,1888-02-17,Germany (now Poland),Sorau (now Zory),PL,17/08/1969,USA,Berkeley CA,US,Carnegie Institute of Technology,Pittsburgh PA,USA,1943,48,physics,1,"""for his contribution to the development of the molecular ray method and his discovery of the magnetic moment of the proton"""
337,Joseph,Erlanger,male,1874-01-05,USA,San Francisco CA,US,05/12/1965,USA,St. Louis MO,US,Washington University,St. Louis MO,USA,1944,337,medicine,2,"""for their discoveries relating to the highly differentiated functions of single nerve fibres"""
338,Herbert S.,Gasser,male,1888-07-05,USA,Platteville WI,US,11/05/1963,USA,New York NY,US,Rockefeller Institute for Medical Research,New York NY,USA,1944,338,medicine,2,"""for their discoveries relating to the highly differentiated functions of single nerve fibres"""
202,Otto,Hahn,male,1879-03-08,Germany,Frankfurt-on-the-Main,DE,28/07/1968,West Germany (now Germany),Göttingen,DE,Kaiser-Wilhelm-Institut (now Max-Planck Institut) für Chemie,Berlin-Dahlem,Germany,1944,202,chemistry,1,"""for his discovery of the fission of heavy nuclei"""
49,Isidor Isaac,Rabi,male,1898-07-29,Austria-Hungary (now Poland),Rymanow,PL,11/01/1988,USA,New York NY,US,Columbia University,New York NY,USA,1944,49,physics,1,"""for his resonance method for recording the magnetic properties of atomic nuclei"""
50,Wolfgang,Pauli,male,25/04/1900,Austria,Vienna,AT,15/12/1958,Switzerland,Zurich,CH,Princeton University,Princeton NJ,USA,1945,50,physics,1,"""for the discovery of the Exclusion Principle also called the Pauli Principle"""
203,Artturi,Virtanen,male,1895-01-15,Russian Empire (now Finland),Helsinki,FI,11/11/1973,Finland,Helsinki,FI,University of Helsinki,Helsinki,Finland,1945,203,chemistry,1,"""for his research and inventions in agricultural and nutrition chemistry especially for his fodder preservation method"""
339,Sir Alexander,Fleming,male,1881-08-06,Scotland,Lochfield,GB,11/03/1955,United Kingdom,London,GB,London University,London,United Kingdom,1945,339,medicine,3,"""for the discovery of penicillin and its curative effect in various infectious diseases"""
340,Ernst B.,Chain,male,19/06/1906,Germany,Berlin,DE,12/08/1979,Ireland,Mulrany,IE,University of Oxford,Oxford,United Kingdom,1945,340,medicine,3,"""for the discovery of penicillin and its curative effect in various infectious diseases"""
341,Sir Howard,Florey,male,1898-09-24,Australia,Adelaide,AU,21/02/1968,United Kingdom,Oxford,GB,University of Oxford,Oxford,United Kingdom,1945,341,medicine,3,"""for the discovery of penicillin and its curative effect in various infectious diseases"""
51,Percy W.,Bridgman,male,1882-04-21,USA,Cambridge MA,US,20/08/1961,USA,Randolph NH,US,Harvard University,Cambridge MA,USA,1946,51,physics,1,"""for the invention of an apparatus to produce extremely high pressures and for the discoveries he made therewith in the field of high pressure physics"""
204,James B.,Sumner,male,1887-11-19,USA,Canton MA,US,12/08/1955,USA,Buffalo NY,US,Cornell University,Ithaca NY,USA,1946,204,chemistry,2,"""for his discovery that enzymes can be crystallized"""
205,John H.,Northrop,male,1891-07-05,USA,Yonkers NY,US,27/05/1987,USA,Wickenberg AZ,US,Rockefeller Institute for Medical Research,Princeton NJ,USA,1946,205,chemistry,4,"""for their preparation of enzymes and virus proteins in a pure form"""
206,Wendell M.,Stanley,male,16/08/1904,USA,Ridgeville IN,US,15/06/1971,Spain,Salamanca,ES,Rockefeller Institute for Medical Research,Princeton NJ,USA,1946,206,chemistry,4,"""for their preparation of enzymes and virus proteins in a pure form"""
342,Hermann J.,Muller,male,1890-12-21,USA,New York NY,US,05/04/1967,USA,Indianapolis IN,US,Indiana University,Bloomington IN,USA,1946,342,medicine,1,"""for the discovery of the production of mutations by means of X-ray irradiation"""
344,Gerty,Cori,female,1896-08-15,Austria-Hungary (now Czech Republic),Prague,CZ,26/10/1957,USA,St. Louis MO,US,Washington University,St. Louis MO,USA,1947,344,medicine,4,"""for their discovery of the course of the catalytic conversion of glycogen"""
345,Bernardo,Houssay,male,1887-04-10,Argentina,Buenos Aires,AR,21/09/1971,Argentina,Buenos Aires,AR,Instituto de Biologia y Medicina Experimental (Institute for Biology and Experimental Medicine),Buenos Aires,Argentina,1947,345,medicine,2,"""for his discovery of the part played by the hormone of the anterior pituitary lobe in the metabolism of sugar"""
52,Edward V.,Appleton,male,1892-09-06,United Kingdom,Bradford,GB,21/04/1965,Scotland,Edinburgh,GB,Department of Scientific and Industrial Research,London,United Kingdom,1947,52,physics,1,"""for his investigations of the physics of the upper atmosphere especially for the discovery of the so-called Appleton layer"""
207,Sir Robert,Robinson,male,1886-09-13,United Kingdom,Rufford near Chesterfield,GB,08/02/1975,United Kingdom,Great Missenden,GB,University of Oxford,Oxford,United Kingdom,1947,207,chemistry,1,"""for his investigations on plant products of biological importance especially the alkaloids"""
343,Carl,Cori,male,1896-12-05,Austria-Hungary (now Czech Republic),Prague,CZ,20/10/1984,USA,Cambridge MA,US,Washington University,St. Louis MO,USA,1947,343,medicine,4,"""for their discovery of the course of the catalytic conversion of glycogen"""
346,Paul,Müller,male,1899-01-12,Switzerland,Olten,CH,12/10/1965,Switzerland,Basel,CH,Laboratorium der Farben-Fabriken J.R. Geigy A.G. (Laboratory of the J.R. Geigy Dye-Factory Co.),Basel,Switzerland,1948,346,medicine,1,"""for his discovery of the high efficiency of DDT as a contact poison against several arthropods"""
208,Arne,Tiselius,male,10/08/1902,Sweden,Stockholm,SE,29/10/1971,Sweden,Uppsala,SE,Uppsala University,Uppsala,Sweden,1948,208,chemistry,1,"""for his research on electrophoresis and adsorption analysis especially for his discoveries concerning the complex nature of the serum proteins"""
53,Patrick M.S.,Blackett,male,1897-11-18,United Kingdom,London,GB,13/07/1974,United Kingdom,London,GB,Victoria University,Manchester,United Kingdom,1948,53,physics,1,"""for his development of the Wilson cloud chamber method and his discoveries therewith in the fields of nuclear physics and cosmic radiation"""
348,Egas,Moniz,male,1874-11-29,Portugal,Avanca,PT,13/12/1955,Portugal,Lisbon,PT,University of Lisbon,Lisbon,Portugal,1949,348,medicine,2,"""for his discovery of the therapeutic value of leucotomy in certain psychoses"""
209,William F.,Giauque,male,1895-05-12,Canada,Niagara Falls,CA,28/03/1982,USA,Berkeley CA,US,University of California,Berkeley CA,USA,1949,209,chemistry,1,"""for his contributions in the field of chemical thermodynamics particularly concerning the behaviour of substances at extremely low temperatures"""
347,Walter,Hess,male,1881-03-17,Switzerland,Frauenfeld,CH,12/08/1973,Switzerland,Ascona,CH,University of Zurich,Zurich,Switzerland,1949,347,medicine,2,"""for his discovery of the functional organization of the interbrain as a coordinator of the activities of the internal organs"""
54,Hideki,Yukawa,male,23/01/1907,Japan,Tokyo,JP,08/09/1981,Japan,Kyoto,JP,Columbia University,New York NY,USA,1949,54,physics,1,"""for his prediction of the existence of mesons on the basis of theoretical work on nuclear forces"""
511,Ralph,Bunche,male,07/08/1904,USA,Detroit MI,US,09/12/1971,USA,New York NY,US,Harvard University,Cambridge MA,USA,1950,511,peace,1,"""for his work as mediator in Palestine in 1948-1949"""
351,Philip S.,Hench,male,1896-02-28,USA,Pittsburgh PA,US,30/03/1965,Jamaica,Ocho Rios,JM,Mayo Clinic,Rochester MN,USA,1950,351,medicine,3,"""for their discoveries relating to the hormones of the adrenal cortex their structure and biological effects"""
350,Tadeus,Reichstein,male,1897-07-20,Poland,Wloclawek,PL,01/08/1996,Switzerland,Basel,CH,Basel University,Basel,Switzerland,1950,350,medicine,3,"""for their discoveries relating to the hormones of the adrenal cortex their structure and biological effects"""
349,Edward C.,Kendall,male,1886-03-08,USA,South Norwalk CT,US,04/05/1972,USA,Princeton NJ,US,Mayo Clinic,Rochester MN,USA,1950,349,medicine,3,"""for their discoveries relating to the hormones of the adrenal cortex their structure and biological effects"""
211,Kurt,Alder,male,10/07/1902,Prussia (now Poland),Königshütte (now Chorzów),PL,20/06/1958,West Germany (now Germany),Cologne,DE,Cologne University,Cologne,Germany,1950,211,chemistry,2,"""for their discovery and development of the diene synthesis"""
210,Otto,Diels,male,1876-01-23,Germany,Hamburg,DE,07/03/1954,West Germany (now Germany),Kiel,DE,Kiel University,Kiel,Germany,1950,210,chemistry,2,"""for their discovery and development of the diene synthesis"""
57,Ernest T.S.,Walton,male,06/10/1903,Ireland,Dungarvan,IE,25/06/1995,Northern Ireland,Belfast,GB,Trinity College,Dublin,Ireland,1951,57,physics,2,"""for their pioneer work on the transmutation of atomic nuclei by artificially accelerated atomic particles"""
56,John,Cockcroft,male,1897-05-27,United Kingdom,Todmorden,GB,18/09/1967,United Kingdom,Cambridge,GB,Atomic Energy Research Establishment,Harwell Berkshire,United Kingdom,1951,56,physics,2,"""for their pioneer work on the transmutation of atomic nuclei by artificially accelerated atomic particles"""
212,Edwin M.,McMillan,male,18/09/1907,USA,Redondo Beach CA,US,07/09/1991,USA,El Cerrito CA,US,University of California,Berkeley CA,USA,1951,212,chemistry,2,"""for their discoveries in the chemistry of the transuranium elements"""
352,Max,Theiler,male,1899-01-30,South Africa,Pretoria,ZA,11/08/1972,USA,New Haven CT,US,Laboratories of the Division of Medicine and Public Health Rockefeller Foundation,New York NY,USA,1951,352,medicine,1,"""for his discoveries concerning yellow fever and how to combat it"""
213,Glenn T.,Seaborg,male,19/04/1912,USA,Ishpeming MI,US,25/02/1999,USA,Lafayette CA,US,University of California,Berkeley CA,USA,1951,213,chemistry,2,"""for their discoveries in the chemistry of the transuranium elements"""
58,Felix,Bloch,male,23/10/1905,Switzerland,Zurich,CH,10/09/1983,Switzerland,Zurich,CH,Stanford University,Stanford CA,USA,1952,58,physics,2,"""for their development of new methods for nuclear magnetic precision measurements and discoveries in connection therewith"""
215,Richard L.M.,Synge,male,28/10/1914,United Kingdom,Liverpool,GB,18/08/1994,United Kingdom,Norwich,GB,Rowett Research Institute,Bucksburn (Scotland),United Kingdom,1952,215,chemistry,2,"""for their invention of partition chromatography"""
353,Selman A.,Waksman,male,1888-07-22,Russian Empire (now Ukraine),Priluka (now Nova Pryluka),UA,16/08/1973,USA,Hyannis MA,US,Rutgers University,New Brunswick NJ,USA,1952,353,medicine,1,"""for his discovery of streptomycin the first antibiotic effective against tuberculosis"""
214,Archer J.P.,Martin,male,01/03/1910,United Kingdom,London,GB,28/07/2002,United Kingdom,Llangarron,GB,National Institute for Medical Research,London,United Kingdom,1952,214,chemistry,2,"""for their invention of partition chromatography"""
59,E. M.,Purcell,male,30/08/1912,USA,Taylorville IL,US,07/03/1997,USA,Cambridge MA,US,Harvard University,Cambridge MA,USA,1952,59,physics,2,"""for their development of new methods for nuclear magnetic precision measurements and discoveries in connection therewith"""
354,Hans,Krebs,male,25/08/1900,Germany,Hildesheim,DE,22/11/1981,United Kingdom,Oxford,GB,Sheffield University,Sheffield,United Kingdom,1953,354,medicine,2,"""for his discovery of the citric acid cycle"""
355,Fritz,Lipmann,male,1899-06-12,Germany (now Russia),Koenigsberg (now Kaliningrad),RU,24/07/1986,USA,Poughkeepsie NY,US,Harvard Medical School,Boston MA,USA,1953,355,medicine,2,"""for his discovery of co-enzyme A and its importance for intermediary metabolism"""
60,Frits,Zernike,male,1888-07-16,the Netherlands,Amsterdam,NL,10/03/1966,the Netherlands,Groningen,NL,Groningen University,Groningen,the Netherlands,1953,60,physics,1,"""for his demonstration of the phase contrast method especially for his invention of the phase contrast microscope"""
216,Hermann,Staudinger,male,1881-03-23,Germany,Worms,DE,08/09/1965,West Germany (now Germany),Freiburg im Breisgau,DE,University of Freiburg,Breisgau,Germany,1953,216,chemistry,1,"""for his discoveries in the field of macromolecular chemistry"""
356,John F.,Enders,male,1897-02-10,USA,West Hartford CT,US,08/09/1985,USA,Waterford CT,US,Harvard Medical School,Boston MA,USA,1954,356,medicine,3,"""for their discovery of the ability of poliomyelitis viruses to grow in cultures of various types of tissue"""
357,Thomas H.,Weller,male,15/06/1915,USA,Ann Arbor MI,US,23/08/2008,USA,Needham MA,US,Research Division of Infectious Diseases Children's Medical Center,Boston MA,USA,1954,357,medicine,3,"""for their discovery of the ability of poliomyelitis viruses to grow in cultures of various types of tissue"""
358,Frederick C.,Robbins,male,25/08/1916,USA,Auburn AL,US,04/08/2003,USA,Cleveland OH,US,Western Reserve University,Cleveland OH,USA,1954,358,medicine,3,"""for their discovery of the ability of poliomyelitis viruses to grow in cultures of various types of tissue"""
217,Linus,Pauling,male,28/02/1901,USA,Portland OR,US,19/08/1994,USA,Big Sur CA,US,California Institute of Technology (Caltech),Pasadena CA,USA,1954,217,chemistry,1,"""for his research into the nature of the chemical bond and its application to the elucidation of the structure of complex substances"""
217,Linus,Pauling,male,28/02/1901,USA,Portland OR,US,19/08/1994,USA,Big Sur CA,US,California Institute of Technology (Caltech),Pasadena CA,USA,1962,217,peace,1,"""for his fight against the nuclear arms race between East and West"""
61,Max,Born,male,1882-12-11,Germany (now Poland),Breslau (now Wroclaw),PL,05/01/1970,West Germany (now Germany),Göttingen,DE,Edinburgh University,Edinburgh,United Kingdom,1954,61,physics,2,"""for his fundamental research in quantum mechanics especially for his statistical interpretation of the wavefunction"""
62,Walther,Bothe,male,1891-01-08,Germany,Oranienburg,DE,08/02/1957,West Germany (now Germany),Heidelberg,DE,University of Heidelberg,Heidelberg,Germany,1954,62,physics,2,"""for the coincidence method and his discoveries made therewith"""
64,Polykarp,Kusch,male,26/01/1911,Germany,Blankenburg,DE,20/03/1993,USA,Dallas TX,US,Columbia University,New York NY,USA,1955,64,physics,2,"""for his precision determination of the magnetic moment of the electron"""
63,Willis E.,Lamb,male,12/07/1913,USA,Los Angeles CA,US,15/05/2008,USA,Tucson AZ,US,Stanford University,Stanford CA,USA,1955,63,physics,2,"""for his discoveries concerning the fine structure of the hydrogen spectrum"""
359,Hugo,Theorell,male,06/07/1903,Sweden,Linköping,SE,15/08/1982,Sweden,Stockholm,SE,Karolinska Institutet Nobel Medical Institute,Stockholm,Sweden,1955,359,medicine,1,"""for his discoveries concerning the nature and mode of action of oxidation enzymes"""
218,Vincent,du Vigneaud,male,18/05/1901,USA,Chicago IL,US,11/12/1978,USA,White Plains NY,US,Cornell University,Ithaca NY,USA,1955,218,chemistry,1,"""for his work on biochemically important sulphur compounds especially for the first synthesis of a polypeptide hormone"""
361,Werner,Forssmann,male,29/08/1904,Germany,Berlin,DE,01/06/1979,West Germany (now Germany),Schopfheim,DE,Mainz University,Mainz,Germany,1956,361,medicine,3,"""for their discoveries concerning heart catheterization and pathological changes in the circulatory system"""
360,André F.,Cournand,male,1895-09-24,France,Paris,FR,19/02/1988,USA,Great Barrington MA,US,Columbia University Division Cardio-Pulmonary Laboratory Bellevue Hospital,New York NY,USA,1956,360,medicine,3,"""for their discoveries concerning heart catheterization and pathological changes in the circulatory system"""
67,Walter H.,Brattain,male,10/02/1902,China,Amoy,CN,13/10/1987,USA,Seattle WA,US,Bell Telephone Laboratories,Murray Hill NJ,USA,1956,67,physics,3,"""for their researches on semiconductors and their discovery of the transistor effect"""
220,Nikolay,Semenov,male,1896-04-03,Russia,Saratov,RU,25/09/1986,USSR (now Russia),Moscow,RU,Institute for Chemical Physics of the Academy of Sciences of the USSR,Moscow,USSR (now Russia),1956,220,chemistry,2,"""for their researches into the mechanism of chemical reactions"""
219,Sir Cyril,Hinshelwood,male,1897-05-19,United Kingdom,London,GB,09/10/1967,United Kingdom,London,GB,University of Oxford,Oxford,United Kingdom,1956,219,chemistry,2,"""for their researches into the mechanism of chemical reactions"""
66,John,Bardeen,male,23/05/1908,USA,Madison WI,US,30/01/1991,USA,Boston MA,US,University of Illinois,Urbana IL,USA,1956,66,physics,3,"""for their researches on semiconductors and their discovery of the transistor effect"""
66,John,Bardeen,male,23/05/1908,USA,Madison WI,US,30/01/1991,USA,Boston MA,US,University of Illinois,Urbana IL,USA,1972,66,physics,3,"""for their jointly developed theory of superconductivity usually called the BCS-theory"""
65,William B.,Shockley,male,13/02/1910,United Kingdom,London,GB,12/08/1989,USA,Palo Alto CA,US,Semiconductor Laboratory of Beckman Instruments Inc.,Mountain View CA,USA,1956,65,physics,3,"""for their researches on semiconductors and their discovery of the transistor effect"""
362,Dickinson W.,Richards,male,1895-10-30,USA,Orange NJ,US,23/02/1973,USA,Lakeville CT,US,Columbia University,New York NY,USA,1956,362,medicine,3,"""for their discoveries concerning heart catheterization and pathological changes in the circulatory system"""
221,Lord,Todd,male,02/10/1907,Scotland,Glasgow,GB,10/01/1997,United Kingdom,Cambridge,GB,University of Cambridge,Cambridge,United Kingdom,1957,221,chemistry,1,"""for his work on nucleotides and nucleotide co-enzymes"""
363,Daniel,Bovet,male,23/03/1907,Switzerland,Neuchâtel,CH,08/04/1992,Italy,Rome,IT,Istituto Superiore di Sanità (Chief Institute of Public Health),Rome,Italy,1957,363,medicine,1,"""for his discoveries relating to synthetic compounds that inhibit the action of certain body substances and especially their action on the vascular system and the skeletal muscles"""
222,Frederick,Sanger,male,13/08/1918,United Kingdom,Rendcombe,GB,19/11/2013,United Kingdom,Cambridge,GB,University of Cambridge,Cambridge,United Kingdom,1958,222,chemistry,1,"""for his work on the structure of proteins especially that of insulin"""
222,Frederick,Sanger,male,13/08/1918,United Kingdom,Rendcombe,GB,19/11/2013,United Kingdom,Cambridge,GB,University of Cambridge,Cambridge,United Kingdom,1980,222,chemistry,4,"""for their contributions concerning the determination of base sequences in nucleic acids"""
365,Edward,Tatum,male,14/12/1909,USA,Boulder CO,US,05/11/1975,USA,New York NY,US,Rockefeller Institute for Medical Research,New York NY,USA,1958,365,medicine,4,"""for their discovery that genes act by regulating definite chemical events"""
366,Joshua,Lederberg,male,23/05/1925,USA,Montclair NJ,US,02/02/2008,USA,New York NY,US,University of Wisconsin,Madison WI,USA,1958,366,medicine,2,"""for his discoveries concerning genetic recombination and the organization of the genetic material of bacteria"""
721,Il´ja M.,Frank,male,23/10/1908,Russia,Leningrad (now St. Petersburg),RU,22/06/1990,USSR (now Russia),Moscow,RU,Lomonosov Moscow State University,Moscow,USSR (now Russia),1958,721,physics,3,"""for the discovery and the interpretation of the Cherenkov effect"""
71,Igor Y.,Tamm,male,1895-07-08,Russia,Vladivostok,RU,12/04/1971,USSR (now Russia),Moscow,RU,Lomonosov Moscow State University,Moscow,USSR (now Russia),1958,71,physics,3,"""for the discovery and the interpretation of the Cherenkov effect"""
364,George,Beadle,male,22/10/1903,USA,Wahoo NE,US,09/06/1989,USA,Pomona CA,US,California Institute of Technology (Caltech),Pasadena CA,USA,1958,364,medicine,4,"""for their discovery that genes act by regulating definite chemical events"""
368,Arthur,Kornberg,male,03/03/1918,USA,Brooklyn NY,US,26/10/2007,USA,Stanford CA,US,Stanford University,Stanford CA,USA,1959,368,medicine,2,"""for their discovery of the mechanisms in the biological synthesis of ribonucleic acid and deoxyribonucleic acid"""
223,Jaroslav,Heyrovsky,male,1890-12-20,Austria-Hungary (now Czech Republic),Prague,CZ,27/03/1967,Czechoslovakia (now Czech Republic),Prague,CZ,Polarographic Institute of the Czechoslovak Academy of Science,Prague,Czechoslovakia (now Czech Republic),1959,223,chemistry,1,"""for his discovery and development of the polarographic methods of analysis"""
73,Owen,Chamberlain,male,10/07/1920,USA,San Francisco CA,US,28/02/2006,USA,Berkeley CA,US,University of California,Berkeley CA,USA,1959,73,physics,2,"""for their discovery of the antiproton"""
72,Emilio,Segrè,male,01/02/1905,Italy,Tivoli,IT,22/04/1989,USA,Lafayette CA,US,University of California,Berkeley CA,USA,1959,72,physics,2,"""for their discovery of the antiproton"""
367,Severo,Ochoa,male,24/09/1905,Spain,Luarca,ES,01/11/1993,Spain,Madrid,ES,New York University College of Medicine,New York NY,USA,1959,367,medicine,2,"""for their discovery of the mechanisms in the biological synthesis of ribonucleic acid and deoxyribonucleic acid"""
370,Peter,Medawar,male,28/02/1915,Brazil,Rio de Janeiro,BR,02/10/1987,United Kingdom,London,GB,University College,London,United Kingdom,1960,370,medicine,2,"""for discovery of acquired immunological tolerance"""
74,Donald A.,Glaser,male,21/09/1926,USA,Cleveland OH,US,28/02/2013,USA,Berkeley CA,US,University of California,Berkeley CA,USA,1960,74,physics,1,"""for the invention of the bubble chamber"""
369,Sir Frank Macfarlane,Burnet,male,1899-09-03,Australia,Traralgon,AU,31/08/1985,Australia,Melbourne,AU,Walter and Eliza Hall Institute for Medical Research,Melbourne,Australia,1960,369,medicine,2,"""for discovery of acquired immunological tolerance"""
224,Willard F.,Libby,male,17/12/1908,USA,Grand Valley CO,US,08/09/1980,USA,Los Angeles CA,US,University of California,Los Angeles CA,USA,1960,224,chemistry,1,"""for his method to use carbon-14 for age determination in archaeology geology geophysics and other branches of science"""
371,Georg,von Békésy,male,1899-06-03,Hungary,Budapest,HU,13/06/1972,USA,Honolulu HI,US,Harvard University,Cambridge MA,USA,1961,371,medicine,1,"""for his discoveries of the physical mechanism of stimulation within the cochlea"""
225,Melvin,Calvin,male,08/04/1911,USA,St. Paul MN,US,08/01/1997,USA,Berkeley CA,US,University of California,Berkeley CA,USA,1961,225,chemistry,1,"""for his research on the carbon dioxide assimilation in plants"""
75,Robert,Hofstadter,male,05/02/1915,USA,New York NY,US,17/11/1990,USA,Stanford CA,US,Stanford University,Stanford CA,USA,1961,75,physics,2,"""for his pioneering studies of electron scattering in atomic nuclei and for his thereby achieved discoveries concerning the structure of the nucleons"""
374,Maurice,Wilkins,male,15/12/1916,New Zealand,Pongaroa,NZ,05/10/2004,United Kingdom,London,GB,London University,London,United Kingdom,1962,374,medicine,3,"""for their discoveries concerning the molecular structure of nucleic acids and its significance for information transfer in living material"""
372,Francis,Crick,male,08/06/1916,United Kingdom,Northampton,GB,28/07/2004,USA,San Diego CA,US,MRC Laboratory of Molecular Biology,Cambridge,United Kingdom,1962,372,medicine,3,"""for their discoveries concerning the molecular structure of nucleic acids and its significance for information transfer in living material"""
227,John C.,Kendrew,male,24/03/1917,United Kingdom,Oxford,GB,23/08/1997,United Kingdom,Cambridge,GB,MRC Laboratory of Molecular Biology,Cambridge,United Kingdom,1962,227,chemistry,2,"""for their studies of the structures of globular proteins"""
226,Max F.,Perutz,male,19/05/1914,Austria,Vienna,AT,06/02/2002,United Kingdom,Cambridge,GB,MRC Laboratory of Molecular Biology,Cambridge,United Kingdom,1962,226,chemistry,2,"""for their studies of the structures of globular proteins"""
77,Lev,Landau,male,22/01/1908,Russian Empire (now Azerbaijan),Baku,AZ,01/04/1968,USSR (now Russia),Moscow,RU,Academy of Sciences,Moscow,USSR (now Russia),1962,77,physics,1,"""for his pioneering theories for condensed matter especially liquid helium"""
377,Andrew,Huxley,male,22/11/1917,United Kingdom,Hampstead,GB,30/05/2012,United Kingdom,Grantchester,GB,University College,London,United Kingdom,1963,377,medicine,3,"""for their discoveries concerning the ionic mechanisms involved in excitation and inhibition in the peripheral and central portions of the nerve cell membrane"""
376,Alan,Hodgkin,male,05/02/1914,United Kingdom,Banbury,GB,20/12/1998,United Kingdom,Cambridge,GB,University of Cambridge,Cambridge,United Kingdom,1963,376,medicine,3,"""for their discoveries concerning the ionic mechanisms involved in excitation and inhibition in the peripheral and central portions of the nerve cell membrane"""
375,Sir John,Eccles,male,27/01/1903,Australia,Melbourne,AU,02/05/1997,Switzerland,Contra,CH,Australian National University,Canberra,Australia,1963,375,medicine,3,"""for their discoveries concerning the ionic mechanisms involved in excitation and inhibition in the peripheral and central portions of the nerve cell membrane"""
80,J. Hans D.,Jensen,male,25/06/1907,Germany,Hamburg,DE,11/02/1973,West Germany (now Germany),Heidelberg,DE,University of Heidelberg,Heidelberg,Germany,1963,80,physics,4,"""for their discoveries concerning nuclear shell structure"""
78,Eugene,Wigner,male,17/11/1902,Austria-Hungary (now Hungary),Budapest,HU,01/01/1995,USA,Princeton NJ,US,Princeton University,Princeton NJ,USA,1963,78,physics,2,"""for his contributions to the theory of the atomic nucleus and the elementary particles particularly through the discovery and application of fundamental symmetry principles"""
79,Maria,Goeppert Mayer,female,28/06/1906,Germany (now Poland),Kattowitz (now Katowice),PL,20/02/1972,USA,San Diego CA,US,University of California,San Diego CA,USA,1963,79,physics,4,"""for their discoveries concerning nuclear shell structure"""
228,Karl,Ziegler,male,1898-11-26,Germany,Helsa,DE,12/08/1973,West Germany (now Germany),Mülheim,DE,Max-Planck-Institut für Kohlenforschung,Mülheim an der Ruhr,Germany,1963,228,chemistry,2,"""for their discoveries in the field of the chemistry and technology of high polymers"""
229,Giulio,Natta,male,26/02/1903,Italy,Imperia,IT,02/05/1979,Italy,Bergamo,IT,Institute of Technology,Milan,Italy,1963,229,chemistry,2,"""for their discoveries in the field of the chemistry and technology of high polymers"""
82,Nicolay G.,Basov,male,14/12/1922,USSR (now Russia),Usman,RU,01/07/2001,Russia,Moscow,RU,P.N. Lebedev Physical Institute,Moscow,USSR (now Russia),1964,82,physics,4,"""for fundamental work in the field of quantum electronics which has led to the construction of oscillators and amplifiers based on the maser-laser principle"""
83,Aleksandr M.,Prokhorov,male,11/07/1916,Australia,Atherton,AU,08/01/2002,Russia,Moscow,RU,P.N. Lebedev Physical Institute,Moscow,USSR (now Russia),1964,83,physics,4,"""for fundamental work in the field of quantum electronics which has led to the construction of oscillators and amplifiers based on the maser-laser principle"""
379,Feodor,Lynen,male,06/04/1911,Germany,Munich,DE,06/08/1979,Germany,Munich,DE,Max-Planck-Institut für Zellchemie,Munich,Germany,1964,379,medicine,2,"""for their discoveries concerning the mechanism and regulation of the cholesterol and fatty acid metabolism"""
81,Charles H.,Townes,male,28/07/1915,USA,Greenville SC,US,27/01/2015,USA,Berkeley CA,US,Massachusetts Institute of Technology (MIT),Cambridge MA,USA,1964,81,physics,2,"""for fundamental work in the field of quantum electronics which has led to the construction of oscillators and amplifiers based on the maser-laser principle"""
378,Konrad,Bloch,male,21/01/1912,Germany (now Poland),Neisse (now Nysa),PL,15/10/2000,USA,Burlington MA,US,Harvard University,Cambridge MA,USA,1964,378,medicine,2,"""for their discoveries concerning the mechanism and regulation of the cholesterol and fatty acid metabolism"""
230,Dorothy Crowfoot,Hodgkin,female,12/05/1910,Egypt,Cairo,EG,29/07/1994,United Kingdom,Shipston-on-Stour,GB,University of Oxford Royal Society,Oxford,United Kingdom,1964,230,chemistry,1,"""for her determinations by X-ray techniques of the structures of important biochemical substances"""
231,Robert B.,Woodward,male,10/04/1917,USA,Boston MA,US,08/07/1979,USA,Cambridge MA,US,Harvard University,Cambridge MA,USA,1965,231,chemistry,1,"""for his outstanding achievements in the art of organic synthesis"""
380,François,Jacob,male,17/06/1920,France,Nancy,FR,19/04/2013,France,Paris,FR,Institut Pasteur,Paris,France,1965,380,medicine,3,"""for their discoveries concerning genetic control of enzyme and virus synthesis"""
381,André,Lwoff,male,08/05/1902,France,Ainay-le-Château,FR,30/09/1994,France,Paris,FR,Institut Pasteur,Paris,France,1965,381,medicine,3,"""for their discoveries concerning genetic control of enzyme and virus synthesis"""
382,Jacques,Monod,male,09/02/1910,France,Paris,FR,31/05/1976,France,Cannes,FR,Institut Pasteur,Paris,France,1965,382,medicine,3,"""for their discoveries concerning genetic control of enzyme and virus synthesis"""
84,Sin-Itiro,Tomonaga,male,31/03/1906,Japan,Kyoto,JP,08/07/1979,Japan,Tokyo,JP,Tokyo University of Education,Tokyo,Japan,1965,84,physics,3,"""for their fundamental work in quantum electrodynamics with deep-ploughing consequences for the physics of elementary particles"""
85,Julian,Schwinger,male,12/02/1918,USA,New York NY,US,16/07/1994,USA,Los Angeles CA,US,Harvard University,Cambridge MA,USA,1965,85,physics,3,"""for their fundamental work in quantum electrodynamics with deep-ploughing consequences for the physics of elementary particles"""
86,Richard P.,Feynman,male,11/05/1918,USA,New York NY,US,15/02/1988,USA,Los Angeles CA,US,California Institute of Technology (Caltech),Pasadena CA,USA,1965,86,physics,3,"""for their fundamental work in quantum electrodynamics with deep-ploughing consequences for the physics of elementary particles"""
384,Charles B.,Huggins,male,22/09/1901,Canada,Halifax Nova Scotia,CA,12/01/1997,USA,Chicago IL,US,University of Chicago Ben May Laboratory for Cancer Research,Chicago IL,USA,1966,384,medicine,2,"""for his discoveries concerning hormonal treatment of prostatic cancer"""
232,Robert S.,Mulliken,male,1896-06-07,USA,Newburyport MA,US,31/10/1986,USA,Arlington VA,US,University of Chicago,Chicago IL,USA,1966,232,chemistry,1,"""for his fundamental work concerning chemical bonds and the electronic structure of molecules by the molecular orbital method"""
383,Peyton,Rous,male,1879-10-05,USA,Baltimore MD,US,16/02/1970,USA,New York NY,US,Rockefeller University,New York NY,USA,1966,383,medicine,2,"""for his discovery of tumour-inducing viruses"""
87,Alfred,Kastler,male,03/05/1902,Germany (now France),Guebwiller,FR,07/01/1984,France,Bandol,FR,École Normale Supérieure,Paris,France,1966,87,physics,1,"""for the discovery and development of optical methods for studying Hertzian resonances in atoms"""
385,Ragnar,Granit,male,30/10/1900,Russian Empire (now Finland),Helsinki,FI,12/03/1991,Sweden,Stockholm,SE,Karolinska Institutet,Stockholm,Sweden,1967,385,medicine,3,"""for their discoveries concerning the primary physiological and chemical visual processes in the eye"""
387,George,Wald,male,18/11/1906,USA,New York NY,US,12/04/1997,USA,Cambridge MA,US,Harvard University,Cambridge MA,USA,1967,387,medicine,3,"""for their discoveries concerning the primary physiological and chemical visual processes in the eye"""
235,George,Porter,male,06/12/1920,United Kingdom,Stainforth,GB,31/08/2002,United Kingdom,Canterbury,GB,Royal Institution of Great Britain,London,United Kingdom,1967,235,chemistry,4,"""for their studies of extremely fast chemical reactions effected by disturbing the equilibrium by means of very short pulses of energy"""
234,Ronald G.W.,Norrish,male,1897-11-09,United Kingdom,Cambridge,GB,07/06/1978,United Kingdom,Cambridge,GB,Institute of Physical Chemistry,Cambridge,United Kingdom,1967,234,chemistry,4,"""for their studies of extremely fast chemical reactions effected by disturbing the equilibrium by means of very short pulses of energy"""
233,Manfred,Eigen,male,09/05/1927,Germany,Bochum,DE,06/02/2019,Germany,Göttingen,DE,Max-Planck-Institut für Physikalische Chemie,Göttingen,Germany,1967,233,chemistry,2,"""for their studies of extremely fast chemical reactions effected by disturbing the equilibrium by means of very short pulses of energy"""
386,Keffer,Hartline,male,22/12/1903,USA,Bloomsburg PA,US,17/03/1983,USA,Fallston MD,US,Rockefeller University,New York NY,USA,1967,386,medicine,3,"""for their discoveries concerning the primary physiological and chemical visual processes in the eye"""
88,Hans,Bethe,male,02/07/1906,Germany (now France),Strasbourg,FR,06/03/2005,USA,Ithaca NY,US,Cornell University,Ithaca NY,USA,1967,88,physics,1,"""for his contributions to the theory of nuclear reactions especially his discoveries concerning the energy production in stars"""
389,H. Gobind,Khorana,male,09/01/1922,India,Raipur,IN,09/11/2011,USA,Concord MA,US,University of Wisconsin,Madison WI,USA,1968,389,medicine,3,"""for their interpretation of the genetic code and its function in protein synthesis"""
390,Marshall W.,Nirenberg,male,10/04/1927,USA,New York NY,US,15/01/2010,USA,New York NY,US,National Institutes of Health,Bethesda MD,USA,1968,390,medicine,3,"""for their interpretation of the genetic code and its function in protein synthesis"""
236,Lars,Onsager,male,27/11/1903,Norway,Kristiania (now Oslo),NO,05/10/1976,USA,Coral Gables FL,US,Yale University,New Haven CT,USA,1968,236,chemistry,1,"""for the discovery of the reciprocal relations bearing his name which are fundamental for the thermodynamics of irreversible processes"""
388,Robert W.,Holley,male,28/01/1922,USA,Urbana IL,US,11/02/1993,USA,Los Gatos CA,US,Cornell University,Ithaca NY,USA,1968,388,medicine,3,"""for their interpretation of the genetic code and its function in protein synthesis"""
89,Luis,Alvarez,male,13/06/1911,USA,San Francisco CA,US,01/09/1988,USA,Berkeley CA,US,University of California,Berkeley CA,USA,1968,89,physics,1,"""for his decisive contributions to elementary particle physics in particular the discovery of a large number of resonance states made possible through his development of the technique of using hydrogen bubble chamber and data analysis"""
237,Derek,Barton,male,08/09/1918,United Kingdom,Gravesend,GB,16/03/1998,USA,College Station TX,US,Imperial College,London,United Kingdom,1969,237,chemistry,2,"""for their contributions to the development of the concept of conformation and its application in chemistry"""
677,Ragnar,Frisch,male,1895-03-03,Norway,Oslo,NO,31/01/1973,Norway,Oslo,NO,University of Oslo,Oslo,Norway,1969,677,economics,2,"""for having developed and applied dynamic models for the analysis of economic processes"""
90,Murray,Gell-Mann,male,15/09/1929,USA,New York NY,US,24/05/2019,USA,Santa Fe NM,US,California Institute of Technology (Caltech),Pasadena CA,USA,1969,90,physics,1,"""for his contributions and discoveries concerning the classification of elementary particles and their interactions"""
678,Jan,Tinbergen,male,12/04/1903,the Netherlands,the Hague,NL,09/06/1994,the Netherlands,the Hague,NL,The Netherlands School of Economics,Rotterdam,the Netherlands,1969,678,economics,2,"""for having developed and applied dynamic models for the analysis of economic processes"""
393,Salvador E.,Luria,male,13/08/1912,Italy,Turin,IT,06/02/1991,USA,Lexington MA,US,Massachusetts Institute of Technology (MIT),Cambridge MA,USA,1969,393,medicine,3,"""for their discoveries concerning the replication mechanism and the genetic structure of viruses"""
392,Alfred D.,Hershey,male,04/12/1908,USA,Owosso MI,US,22/05/1997,USA,Syosset NY,US,Carnegie Institution of Washington,Long Island New York NY,USA,1969,392,medicine,3,"""for their discoveries concerning the replication mechanism and the genetic structure of viruses"""
391,Max,Delbrück,male,04/09/1906,Germany,Berlin,DE,09/03/1981,USA,Pasadena CA,US,California Institute of Technology (Caltech),Pasadena CA,USA,1969,391,medicine,3,"""for their discoveries concerning the replication mechanism and the genetic structure of viruses"""
238,Odd,Hassel,male,1897-05-17,Norway,Kristiania (now Oslo),NO,11/05/1981,Norway,Oslo,NO,University of Oslo,Oslo,Norway,1969,238,chemistry,2,"""for their contributions to the development of the concept of conformation and its application in chemistry"""
91,Hannes,Alfvén,male,30/05/1908,Sweden,Norrköping,SE,02/04/1995,Sweden,Djursholm,SE,Royal Institute of Technology,Stockholm,Sweden,1970,91,physics,2,"""for fundamental work and discoveries in magnetohydro-dynamics with fruitful applications in different parts of plasma physics"""
92,Louis,Néel,male,22/11/1904,France,Lyon,FR,17/11/2000,France,Brive-Corrèze,FR,University of Grenoble,Grenoble,France,1970,92,physics,2,"""for fundamental work and discoveries concerning antiferromagnetism and ferrimagnetism which have led to important applications in solid state physics"""
239,Luis,Leloir,male,06/09/1906,France,Paris,FR,02/12/1987,Argentina,Buenos Aires,AR,Institute for Biochemical Research,Buenos Aires,Argentina,1970,239,chemistry,1,"""for his discovery of sugar nucleotides and their role in the biosynthesis of carbohydrates"""
679,Paul A.,Samuelson,male,15/05/1915,USA,Gary IN,US,13/12/2009,USA,Belmont MA,US,Massachusetts Institute of Technology (MIT),Cambridge MA,USA,1970,679,economics,1,"""for the scientific work through which he has developed static and dynamic economic theory and actively contributed to raising the level of analysis in economic science"""
396,Julius,Axelrod,male,30/05/1912,USA,New York NY,US,29/12/2004,USA,Rockville MD,US,National Institutes of Health,Bethesda MD,USA,1970,396,medicine,3,"""for their discoveries concerning the humoral transmitters in the nerve terminals and the mechanism for their storage release and inactivation"""
395,Ulf,von Euler,male,07/02/1905,Sweden,Stockholm,SE,09/03/1983,Sweden,Stockholm,SE,Karolinska Institutet,Stockholm,Sweden,1970,395,medicine,3,"""for their discoveries concerning the humoral transmitters in the nerve terminals and the mechanism for their storage release and inactivation"""
394,Sir Bernard,Katz,male,26/03/1911,Germany,Leipzig,DE,20/04/2003,United Kingdom,London,GB,University College,London,United Kingdom,1970,394,medicine,3,"""for their discoveries concerning the humoral transmitters in the nerve terminals and the mechanism for their storage release and inactivation"""
93,Dennis,Gabor,male,05/06/1900,Hungary,Budapest,HU,08/02/1979,United Kingdom,London,GB,Imperial College,London,United Kingdom,1971,93,physics,1,"""for his invention and development of the holographic method"""
680,Simon,Kuznets,male,30/04/1901,Russian Empire (now Belarus),Pinsk,BY,08/07/1985,USA,Cambridge MA,US,Harvard University,Cambridge MA,USA,1971,680,economics,1,"""for his empirically founded interpretation of economic growth which has led to new and deepened insight into the economic and social structure and process of development"""
240,Gerhard,Herzberg,male,25/12/1904,Germany,Hamburg,DE,03/03/1999,Canada,Ottawa,CA,National Research Council of Canada,Ottawa,Canada,1971,240,chemistry,1,"""for his contributions to the knowledge of electronic structure and geometry of molecules particularly free radicals"""
397,Earl W.,Sutherland Jr.,male,19/11/1915,USA,Burlingame KS,US,09/03/1974,USA,Miami FL,US,Vanderbilt University,Nashville TN,USA,1971,397,medicine,1,"""for his discoveries concerning the mechanisms of the action of hormones"""
398,Gerald M.,Edelman,male,01/07/1929,USA,New York NY,US,17/05/2014,USA,La Jolla CA,US,Rockefeller University,New York NY,USA,1972,398,medicine,2,"""for their discoveries concerning the chemical structure of antibodies"""
242,Stanford,Moore,male,04/09/1913,USA,Chicago IL,US,23/08/1982,USA,New York NY,US,Rockefeller University,New York NY,USA,1972,242,chemistry,4,"""for their contribution to the understanding of the connection between chemical structure and catalytic activity of the active centre of the ribonuclease molecule"""
241,Christian,Anfinsen,male,26/03/1916,USA,Monessen PA,US,14/05/1995,USA,Randallstown MD,US,National Institutes of Health,Bethesda MD,USA,1972,241,chemistry,2,"""for his work on ribonuclease especially concerning the connection between the amino acid sequence and the biologically active conformation"""
243,William H.,Stein,male,25/06/1911,USA,New York NY,US,02/02/1980,USA,New York NY,US,Rockefeller University,New York NY,USA,1972,243,chemistry,4,"""for their contribution to the understanding of the connection between chemical structure and catalytic activity of the active centre of the ribonuclease molecule"""
682,Kenneth J.,Arrow,male,23/08/1921,USA,New York NY,US,21/02/2017,USA,Palo Alto CA,US,Harvard University,Cambridge MA,USA,1972,682,economics,2,"""for their pioneering contributions to general economic equilibrium theory and welfare theory"""
681,John R.,Hicks,male,08/04/1904,United Kingdom,Warwick,GB,20/05/1989,United Kingdom,Blockley,GB,All Souls College,Oxford,United Kingdom,1972,681,economics,2,"""for their pioneering contributions to general economic equilibrium theory and welfare theory"""
96,Robert,Schrieffer,male,31/05/1931,USA,Oak Park IL,US,27/07/2019,USA,Tallahassee FL,US,University of Pennsylvania,Philadelphia PA,USA,1972,96,physics,3,"""for their jointly developed theory of superconductivity usually called the BCS-theory"""
399,Rodney R.,Porter,male,08/10/1917,United Kingdom,Newton-le-Willows,GB,06/09/1985,United Kingdom,Winchester,GB,University of Oxford,Oxford,United Kingdom,1972,399,medicine,2,"""for their discoveries concerning the chemical structure of antibodies"""
244,Ernst Otto,Fischer,male,10/11/1918,Germany,Munich,DE,23/07/2007,Germany,Munich,DE,Technical University,Munich,Germany,1973,244,chemistry,2,"""for their pioneering work performed independently on the chemistry of the organometallic so called sandwich compounds"""
245,Geoffrey,Wilkinson,male,14/07/1921,United Kingdom,Todmorden,GB,26/09/1996,United Kingdom,London,GB,Imperial College,London,United Kingdom,1973,245,chemistry,2,"""for their pioneering work performed independently on the chemistry of the organometallic so called sandwich compounds"""
683,Wassily,Leontief,male,05/08/1906,Russia,St. Petersburg,RU,05/02/1999,USA,New York NY,US,Harvard University,Cambridge MA,USA,1973,683,economics,1,"""for the development of the input-output method and for its application to important economic problems"""
401,Konrad,Lorenz,male,07/11/1903,Austria,Vienna,AT,27/02/1989,Austria,Vienna,AT,Konrad-Lorenz-Institut der Österreichischen Akademie der Wissen­schaften Forschungsstelle für Ethologie,Altenberg; Grünau im Almtal,Austria,1973,401,medicine,3,"""for their discoveries concerning organization and elicitation of individual and social behaviour patterns"""
400,Karl,von Frisch,male,1886-11-20,Austria,Vienna,AT,12/06/1982,West Germany (now Germany),Munich,DE,Zoologisches Institut der Universität München,Munich,Germany,1973,400,medicine,3,"""for their discoveries concerning organization and elicitation of individual and social behaviour patterns"""
402,Nikolaas,Tinbergen,male,15/04/1907,the Netherlands,the Hague,NL,21/12/1988,United Kingdom,Oxford,GB,University of Oxford,Oxford,United Kingdom,1973,402,medicine,3,"""for their discoveries concerning organization and elicitation of individual and social behaviour patterns"""
246,Paul J.,Flory,male,19/06/1910,USA,Sterling IL,US,08/09/1985,USA,Big Sur CA,US,Stanford University,Stanford CA,USA,1974,246,chemistry,1,"""for his fundamental achievements both theoretical and experimental in the physical chemistry of the macromolecules"""
404,Christian,de Duve,male,02/10/1917,United Kingdom,Thames Ditton,GB,04/05/2013,Belgium,Nethen,BE,Rockefeller University,New York NY,USA,1974,404,medicine,3,"""for their discoveries concerning the structural and functional organization of the cell"""
100,Martin,Ryle,male,27/09/1918,United Kingdom,Brighton,GB,14/10/1984,United Kingdom,Cambridge,GB,University of Cambridge,Cambridge,United Kingdom,1974,100,physics,2,"""for their pioneering research in radio astrophysics: Ryle for his observations and inventions in particular of the aperture synthesis technique and Hewish for his decisive role in the discovery of pulsars"""
405,George E.,Palade,male,19/11/1912,Romania,Iasi,RO,07/10/2008,USA,Del Mar CA,US,Yale University School of Medicine,New Haven CT,USA,1974,405,medicine,3,"""for their discoveries concerning the structural and functional organization of the cell"""
403,Albert,Claude,male,1898-08-24,Belgium,Longlier,BE,22/05/1983,Belgium,Brussels,BE,Université Catholique de Louvain,Louvain,Belgium,1974,403,medicine,3,"""for their discoveries concerning the structural and functional organization of the cell"""
248,Vladimir,Prelog,male,23/07/1906,Austria-Hungary (now Bosnia and Herzegovina),Sarajevo,BA,07/01/1998,Switzerland,Zurich,CH,Eidgenössische Technische Hochschule (Swiss Federal Institute of Technology),Zurich,Switzerland,1975,248,chemistry,2,"""for his research into the stereochemistry of organic molecules and reactions"""
408,Howard M.,Temin,male,10/12/1934,USA,Philadelphia PA,US,09/02/1994,USA,Madison WI,US,University of Wisconsin,Madison WI,USA,1975,408,medicine,3,"""for their discoveries concerning the interaction between tumour viruses and the genetic material of the cell"""
102,Aage N.,Bohr,male,19/06/1922,Denmark,Copenhagen,DK,08/09/2009,Denmark,Copenhagen,DK,Niels Bohr Institute,Copenhagen,Denmark,1975,102,physics,3,"""for the discovery of the connection between collective motion and particle motion in atomic nuclei and the development of the theory of the structure of the atomic nucleus based on this connection"""
104,James,Rainwater,male,09/12/1917,USA,Council ID,US,31/03/1986,USA,Yonkers NY,US,Columbia University,New York NY,USA,1975,104,physics,3,"""for the discovery of the connection between collective motion and particle motion in atomic nuclei and the development of the theory of the structure of the atomic nucleus based on this connection"""
687,Tjalling C.,Koopmans,male,28/08/1910,the Netherlands,'s Graveland,NL,26/02/1985,USA,New Haven CT,US,Yale University,New Haven CT,USA,1975,687,economics,2,"""for their contributions to the theory of optimum allocation of resources"""
686,Leonid Vitaliyevich,Kantorovich,male,19/01/1912,Russian Empire (now Russia),St. Petersburg,RU,07/04/1986,USSR (now Russia),Moscow,RU,Academy of Sciences,Moscow,USSR (now Russia),1975,686,economics,2,"""for their contributions to the theory of optimum allocation of resources"""
407,Renato,Dulbecco,male,22/02/1914,Italy,Catanzaro,IT,19/02/2012,USA,La Jolla CA,US,Imperial Cancer Research Fund Laboratory,London,United Kingdom,1975,407,medicine,3,"""for their discoveries concerning the interaction between tumour viruses and the genetic material of the cell"""
688,Milton,Friedman,male,31/07/1912,USA,Brooklyn NY,US,16/11/2006,USA,San Francisco CA,US,University of Chicago,Chicago IL,USA,1976,688,economics,1,"""for his achievements in the fields of consumption analysis monetary history and theory and for his demonstration of the complexity of stabilization policy"""
249,William,Lipscomb,male,09/12/1919,USA,Cleveland OH,US,14/04/2011,USA,Cambridge MA,US,Harvard University,Cambridge MA,USA,1976,249,chemistry,1,"""for his studies on the structure of boranes illuminating problems of chemical bonding"""
105,Burton,Richter,male,22/03/1931,USA,Brooklyn NY,US,18/07/2018,USA,Stanford CA,US,Stanford Linear Accelerator Center,Stanford CA,USA,1976,105,physics,2,"""for their pioneering work in the discovery of a heavy elementary particle of a new kind"""
409,Baruch S.,Blumberg,male,28/07/1925,USA,New York NY,US,05/04/2011,USA,Moffett Field CA,US,The Institute for Cancer Research,Philadelphia PA,USA,1976,409,medicine,2,"""for their discoveries concerning new mechanisms for the origin and dissemination of infectious diseases"""
410,D. Carleton,Gajdusek,male,09/09/1923,USA,Yonkers NY,US,12/12/2008,Norway,Tromsø,NO,National Institutes of Health,Bethesda MD,USA,1976,410,medicine,2,"""for their discoveries concerning new mechanisms for the origin and dissemination of infectious diseases"""
107,Philip W.,Anderson,male,13/12/1923,USA,Indianapolis IN,US,29/03/2020,USA,Princeton NJ,US,Bell Telephone Laboratories,Murray Hill NJ,USA,1977,107,physics,3,"""for their fundamental theoretical investigations of the electronic structure of magnetic and disordered systems"""
690,James E.,Meade,male,23/06/1907,United Kingdom,Swanage,GB,22/12/1995,United Kingdom,Cambridge,GB,University of Cambridge,Cambridge,United Kingdom,1977,690,economics,2,"""for their pathbreaking contribution to the theory of international trade and international capital movements"""
689,Bertil,Ohlin,male,1899-04-23,Sweden,Klippan,SE,03/08/1979,Sweden,Vålådalen,SE,Stockholm School of Economics,Stockholm,Sweden,1977,689,economics,2,"""for their pathbreaking contribution to the theory of international trade and international capital movements"""
108,Sir Nevill F.,Mott,male,30/09/1905,United Kingdom,Leeds,GB,08/08/1996,United Kingdom,Milton Keynes,GB,University of Cambridge,Cambridge,United Kingdom,1977,108,physics,3,"""for their fundamental theoretical investigations of the electronic structure of magnetic and disordered systems"""
109,John H.,Van Vleck,male,1899-03-13,USA,Middletown CT,US,27/10/1980,USA,Cambridge MA,US,Harvard University,Cambridge MA,USA,1977,109,physics,3,"""for their fundamental theoretical investigations of the electronic structure of magnetic and disordered systems"""
413,Rosalyn,Yalow,female,19/07/1921,USA,New York NY,US,30/05/2011,USA,New York NY,US,Veterans Administration Hospital,Bronx NY,USA,1977,413,medicine,2,"""for the development of radioimmunoassays of peptide hormones"""
250,Ilya,Prigogine,male,25/01/1917,Russia,Moscow,RU,28/05/2003,Belgium,Brussels,BE,Université Libre de Bruxelles,Brussels,Belgium,1977,250,chemistry,1,"""for his contributions to non-equilibrium thermodynamics particularly the theory of dissipative structures"""
415,Daniel,Nathans,male,30/10/1928,USA,Wilmington DE,US,16/11/1999,USA,Baltimore MD,US,Johns Hopkins University School of Medicine,Baltimore MD,USA,1978,415,medicine,3,"""for the discovery of restriction enzymes and their application to problems of molecular genetics"""
691,Herbert,Simon,male,15/06/1916,USA,Milwaukee WI,US,09/02/2001,USA,Pittsburgh PA,US,Carnegie Mellon University,Pittsburgh PA,USA,1978,691,economics,1,"""for his pioneering research into the decision-making process within economic organizations"""
110,Pyotr,Kapitsa,male,1894-07-09,Russian Empire (now Russia),Kronshtadt,RU,08/04/1984,USSR (now Russia),Moscow,RU,Academy of Sciences,Moscow,USSR (now Russia),1978,110,physics,2,"""for his basic inventions and discoveries in the area of low-temperature physics"""
251,Peter,Mitchell,male,29/09/1920,United Kingdom,Mitcham,GB,10/04/1992,United Kingdom,Bodmin,GB,Glynn Research Laboratories,Bodmin,United Kingdom,1978,251,chemistry,1,"""for his contribution to the understanding of biological energy transfer through the formulation of the chemiosmotic theory"""
253,Georg,Wittig,male,1897-06-16,Germany,Berlin,DE,26/08/1987,West Germany (now Germany),Heidelberg,DE,University of Heidelberg,Heidelberg,Germany,1979,253,chemistry,2,"""for their development of the use of boron- and phosphorus-containing compounds respectively into important reagents in organic synthesis"""
692,Theodore W.,Schultz,male,30/04/1902,USA,Arlington SD,US,26/02/1998,USA,Evanston IL,US,University of Chicago,Chicago IL,USA,1979,692,economics,2,"""for their pioneering research into economic development research with particular consideration of the problems of developing countries"""
693,Sir Arthur,Lewis,male,23/01/1915,British West Indies (now Saint Lucia),Castries,LC,15/06/1991,Barbados,Bridgetown,BB,Princeton University,Princeton NJ,USA,1979,693,economics,2,"""for their pioneering research into economic development research with particular consideration of the problems of developing countries"""
252,Herbert C.,Brown,male,22/05/1912,United Kingdom,London,GB,19/12/2004,USA,Lafayette IN,US,Purdue University,West Lafayette IN,USA,1979,252,chemistry,2,"""for their development of the use of boron- and phosphorus-containing compounds respectively into important reagents in organic synthesis"""
115,Steven,Weinberg,male,03/05/1933,USA,New York NY,US,23/07/2021,USA,Austin TX,US,Harvard University,Cambridge MA,USA,1979,115,physics,3,"""for their contributions to the theory of the unified weak and electromagnetic interaction between elementary particles including inter alia the prediction of the weak neutral current"""
418,Godfrey N.,Hounsfield,male,28/08/1919,United Kingdom,Newark,GB,12/08/2004,United Kingdom,Kingston upon Thames,GB,Central Research Laboratories EMI,London,United Kingdom,1979,418,medicine,2,"""for the development of computer assisted tomography"""
417,Allan M.,Cormack,male,23/02/1924,South Africa,Johannesburg,ZA,07/05/1998,USA,Winchester MA,US,Tufts University,Medford MA,USA,1979,417,medicine,2,"""for the development of computer assisted tomography"""
114,Abdus,Salam,male,29/01/1926,India (now Pakistan),Jhang Maghiāna,PK,21/11/1996,United Kingdom,Oxford,GB,International Centre for Theoretical Physics,Trieste,Italy,1979,114,physics,3,"""for their contributions to the theory of the unified weak and electromagnetic interaction between elementary particles including inter alia the prediction of the weak neutral current"""
222,Frederick,Sanger,male,13/08/1918,United Kingdom,Rendcombe,GB,19/11/2013,United Kingdom,Cambridge,GB,MRC Laboratory of Molecular Biology,Cambridge,United Kingdom,1958,222,chemistry,1,"""for his work on the structure of proteins especially that of insulin"""
222,Frederick,Sanger,male,13/08/1918,United Kingdom,Rendcombe,GB,19/11/2013,United Kingdom,Cambridge,GB,MRC Laboratory of Molecular Biology,Cambridge,United Kingdom,1980,222,chemistry,4,"""for their contributions concerning the determination of base sequences in nucleic acids"""
420,Jean,Dausset,male,19/10/1916,France,Toulouse,FR,06/06/2009,Spain,Palma Majorca,ES,Université de Paris Laboratoire Immuno-Hématologie,Paris,France,1980,420,medicine,3,"""for their discoveries concerning genetically determined structures on the cell surface that regulate immunological reactions"""
419,Baruj,Benacerraf,male,29/10/1920,Venezuela,Caracas,VE,02/08/2011,USA,Boston MA,US,Harvard Medical School,Boston MA,USA,1980,419,medicine,3,"""for their discoveries concerning genetically determined structures on the cell surface that regulate immunological reactions"""
694,Lawrence R.,Klein,male,14/09/1920,USA,Omaha NE,US,20/10/2013,USA,Gladwyne PA,US,University of Pennsylvania,Philadelphia PA,USA,1980,694,economics,1,"""for the creation of econometric models and the application to the analysis of economic fluctuations and economic policies"""
254,Paul,Berg,male,30/06/1926,USA,New York NY,US,15/02/2023,USA,Stanford CA,US,Stanford University,Stanford CA,USA,1980,254,chemistry,2,"""for his fundamental studies of the biochemistry of nucleic acids with particular regard to recombinant-DNA"""
117,Val,Fitch,male,10/03/1923,USA,Merriman NE,US,05/02/2015,USA,Princeton NJ,US,Princeton University,Princeton NJ,USA,1980,117,physics,2,"""for the discovery of violations of fundamental symmetry principles in the decay of neutral K-mesons"""
116,James,Cronin,male,29/09/1931,USA,Chicago IL,US,25/08/2016,USA,St. Paul MN,US,University of Chicago,Chicago IL,USA,1980,116,physics,2,"""for the discovery of violations of fundamental symmetry principles in the decay of neutral K-mesons"""
421,George D.,Snell,male,19/12/1903,USA,Bradford MA,US,06/06/1996,USA,Bar Harbor ME,US,Jackson Laboratory,Bar Harbor ME,USA,1980,421,medicine,3,"""for their discoveries concerning genetically determined structures on the cell surface that regulate immunological reactions"""
695,James,Tobin,male,05/03/1918,USA,Champaign IL,US,11/03/2002,USA,New Haven CT,US,Yale University,New Haven CT,USA,1981,695,economics,1,"""for his analysis of financial markets and their relations to expenditure decisions employment production and prices"""
423,David H.,Hubel,male,27/02/1926,Canada,Windsor ON,CA,22/09/2013,USA,Lincoln MA,US,Harvard Medical School,Boston MA,USA,1981,423,medicine,4,"""for their discoveries concerning information processing in the visual system"""
118,Nicolaas,Bloembergen,male,11/03/1920,the Netherlands,Dordrecht,NL,05/09/2017,USA,Tucson AZ,US,Harvard University,Cambridge MA,USA,1981,118,physics,4,"""for their contribution to the development of laser spectroscopy"""
422,Roger W.,Sperry,male,20/08/1913,USA,Hartford CT,US,17/04/1994,USA,Pasadena CA,US,California Institute of Technology (Caltech),Pasadena CA,USA,1981,422,medicine,2,"""for his discoveries concerning the functional specialization of the cerebral hemispheres"""
257,Kenichi,Fukui,male,04/10/1918,Japan,Nara,JP,09/01/1998,Japan,Kyoto,JP,Kyoto University,Kyoto,Japan,1981,257,chemistry,2,"""for their theories developed independently concerning the course of chemical reactions"""
119,Arthur L.,Schawlow,male,05/05/1921,USA,Mount Vernon NY,US,28/04/1999,USA,Palo Alto CA,US,Stanford University,Stanford CA,USA,1981,119,physics,4,"""for their contribution to the development of laser spectroscopy"""
120,Kai M.,Siegbahn,male,20/04/1918,Sweden,Lund,SE,20/07/2007,Sweden,Ängelholm,SE,Uppsala University,Uppsala,Sweden,1981,120,physics,2,"""for his contribution to the development of high-resolution electron spectroscopy"""
696,George J.,Stigler,male,17/01/1911,USA,Renton WA,US,01/12/1991,USA,Chicago IL,US,University of Chicago,Chicago IL,USA,1982,696,economics,1,"""for his seminal studies of industrial structures functioning of markets and causes and effects of public regulation"""
427,John R.,Vane,male,29/03/1927,United Kingdom,Tardebigg,GB,19/11/2004,United Kingdom,Farnborough,GB,The Wellcome Research Laboratories,Beckenham,United Kingdom,1982,427,medicine,3,"""for their discoveries concerning prostaglandins and related biologically active substances"""
425,Sune K.,Bergström,male,10/01/1916,Sweden,Stockholm,SE,15/08/2004,Sweden,Stockholm,SE,Karolinska Institutet,Stockholm,Sweden,1982,425,medicine,3,"""for their discoveries concerning prostaglandins and related biologically active substances"""
121,Kenneth G.,Wilson,male,08/06/1936,USA,Waltham MA,US,15/06/2013,USA,Saco ME,US,Cornell University,Ithaca NY,USA,1982,121,physics,1,"""for his theory for critical phenomena in connection with phase transitions"""
260,Henry,Taube,male,30/11/1915,Canada,Neudorf,CA,16/11/2005,USA,Stanford CA,US,Stanford University,Stanford CA,USA,1983,260,chemistry,1,"""for his work on the mechanisms of electron transfer reactions especially in metal complexes"""
428,Barbara,McClintock,female,16/06/1902,USA,Hartford CT,US,02/09/1992,USA,Huntington NY,US,Cold Spring Harbor Laboratory,Cold Spring Harbor NY,USA,1983,428,medicine,1,"""for her discovery of mobile genetic elements"""
697,Gerard,Debreu,male,04/07/1921,France,Calais,FR,31/12/2004,France,Paris,FR,University of California,Berkeley CA,USA,1983,697,economics,1,"""for having incorporated new analytical methods into economic theory and for his rigorous reformulation of the theory of general equilibrium"""
123,William A.,Fowler,male,09/08/1911,USA,Pittsburgh PA,US,14/03/1995,USA,Pasadena CA,US,California Institute of Technology (Caltech),Pasadena CA,USA,1983,123,physics,2,"""for his theoretical and experimental studies of the nuclear reactions of importance in the formation of the chemical elements in the universe"""
122,Subramanyan,Chandrasekhar,male,19/10/1910,India (now Pakistan),Lahore,PK,21/08/1995,USA,Chicago IL,US,University of Chicago,Chicago IL,USA,1983,122,physics,2,"""for his theoretical studies of the physical processes of importance to the structure and evolution of the stars"""
429,Niels K.,Jerne,male,23/12/1911,United Kingdom,London,GB,07/10/1994,France,Castillon-du-Gard,FR,Basel Institute for Immunology,Basel,Switzerland,1984,429,medicine,3,"""for theories concerning the specificity in development and control of the immune system and the discovery of the principle for production of monoclonal antibodies"""
430,Georges J.F.,Köhler,male,17/04/1946,Germany,Munich,DE,01/03/1995,Germany,Freiburg im Breisgau,DE,Basel Institute for Immunology,Basel,Switzerland,1984,430,medicine,3,"""for theories concerning the specificity in development and control of the immune system and the discovery of the principle for production of monoclonal antibodies"""
431,César,Milstein,male,08/10/1927,Argentina,Bahia Blanca,AR,24/03/2002,United Kingdom,Cambridge,GB,MRC Laboratory of Molecular Biology,Cambridge,United Kingdom,1984,431,medicine,3,"""for theories concerning the specificity in development and control of the immune system and the discovery of the principle for production of monoclonal antibodies"""
261,Bruce,Merrifield,male,15/07/1921,USA,Fort Worth TX,US,14/05/2006,USA,Cresskill NJ,US,Rockefeller University,New York NY,USA,1984,261,chemistry,1,"""for his development of methodology for chemical synthesis on a solid matrix"""
125,Simon,van der Meer,male,24/11/1925,the Netherlands,the Hague,NL,04/03/2011,Switzerland,Geneva,CH,CERN,Geneva,Switzerland,1984,125,physics,2,"""for their decisive contributions to the large project which led to the discovery of the field particles W and Z communicators of weak interaction"""
698,Richard,Stone,male,30/08/1913,United Kingdom,London,GB,06/12/1991,United Kingdom,Cambridge,GB,University of Cambridge,Cambridge,United Kingdom,1984,698,economics,1,"""for having made fundamental contributions to the development of systems of national accounts and hence greatly improved the basis for empirical economic analysis"""
262,Herbert A.,Hauptman,male,14/02/1917,USA,New York NY,US,23/10/2011,USA,Buffalo NY,US,The Medical Foundation of Buffalo,Buffalo NY,USA,1985,262,chemistry,2,"""for their outstanding achievements in the development of direct methods for the determination of crystal structures"""
263,Jerome,Karle,male,18/06/1918,USA,New York NY,US,06/06/2013,USA,Annandale VA,US,US Naval Research Laboratory,Washington D.C.,USA,1985,263,chemistry,2,"""for their outstanding achievements in the development of direct methods for the determination of crystal structures"""
699,Franco,Modigliani,male,18/06/1918,Italy,Rome,IT,25/09/2003,USA,Cambridge MA,US,Massachusetts Institute of Technology (MIT),Cambridge MA,USA,1985,699,economics,1,"""for his pioneering analyses of saving and of financial markets"""
129,Heinrich,Rohrer,male,06/06/1933,Switzerland,Buchs,CH,16/05/2013,Switzerland,Wollerau,CH,IBM Zurich Research Laboratory,Rüschlikon,Switzerland,1986,129,physics,4,"""for their design of the scanning tunneling microscope"""
127,Ernst,Ruska,male,25/12/1906,Germany,Heidelberg,DE,27/05/1988,Germany,West Berlin,DE,Fritz-Haber-Institut der Max-Planck-Gesellschaft,Berlin,Germany,1986,127,physics,2,"""for his fundamental work in electron optics and for the design of the first electron microscope"""
435,Rita,Levi-Montalcini,female,22/04/1909,Italy,Turin,IT,30/12/2012,Italy,Rome,IT,Institute of Cell Biology of the C.N.R.,Rome,Italy,1986,435,medicine,2,"""for their discoveries of growth factors"""
434,Stanley,Cohen,male,17/11/1922,USA,Brooklyn NY,US,05/02/2020,USA,Nashville TN,US,Vanderbilt University School of Medicine,Nashville TN,USA,1986,434,medicine,2,"""for their discoveries of growth factors"""
700,James M.,Buchanan Jr.,male,03/10/1919,USA,Murfreesboro TN,US,09/01/2013,USA,Blacksburg VA,US,Center for Study of Public Choice,Fairfax VA,USA,1986,700,economics,1,"""for his development of the contractual and constitutional bases for the theory of economic and political decision-making"""
269,Charles J.,Pedersen,male,03/10/1904,Korea (now South Korea),Pusan,KR,26/10/1989,USA,Salem NJ,US,Du Pont,Wilmington DE,USA,1987,269,chemistry,3,"""for their development and use of molecules with structure-specific interactions of high selectivity"""
131,K. Alex,Müller,male,20/04/1927,Switzerland,Basel,CH,09/01/2023,Switzerland,Zurich,CH,IBM Zurich Research Laboratory,Rüschlikon,Switzerland,1987,131,physics,2,"""for their important break-through in the discovery of superconductivity in ceramic materials"""
267,Donald J.,Cram,male,22/04/1919,USA,Chester VT,US,17/06/2001,USA,Palm Desert CA,US,University of California,Los Angeles CA,USA,1987,267,chemistry,3,"""for their development and use of molecules with structure-specific interactions of high selectivity"""
134,Jack,Steinberger,male,25/05/1921,Germany,Bad Kissingen,DE,12/12/2020,Switzerland,Geneva,CH,CERN,Geneva,Switzerland,1988,134,physics,3,"""for the neutrino beam method and the demonstration of the doublet structure of the leptons through the discovery of the muon neutrino"""
133,Melvin,Schwartz,male,02/11/1932,USA,New York NY,US,28/08/2006,USA,Twin Falls ID,US,Digital Pathways Inc.,Mountain View CA,USA,1988,133,physics,3,"""for the neutrino beam method and the demonstration of the doublet structure of the leptons through the discovery of the muon neutrino"""
132,Leon M.,Lederman,male,15/07/1922,USA,New York NY,US,03/10/2018,USA,Rexburg ID,US,Fermi National Accelerator Laboratory,Batavia IL,USA,1988,132,physics,3,"""for the neutrino beam method and the demonstration of the doublet structure of the leptons through the discovery of the muon neutrino"""
439,George H.,Hitchings,male,18/04/1905,USA,Hoquiam WA,US,27/02/1998,USA,Chapel Hill NC,US,Wellcome Research Laboratories,Research Triangle Park NC,USA,1988,439,medicine,3,"""for their discoveries of important principles for drug treatment"""
438,Gertrude B.,Elion,female,23/01/1918,USA,New York NY,US,21/02/1999,USA,Chapel Hill NC,US,Wellcome Research Laboratories,Research Triangle Park NC,USA,1988,438,medicine,3,"""for their discoveries of important principles for drug treatment"""
702,Maurice,Allais,male,31/05/1911,France,Paris,FR,09/10/2010,France,Paris,FR,École Nationale Supérieur des Mines de Paris,Paris,France,1988,702,economics,1,"""for his pioneering contributions to the theory of markets and efficient utilization of resources"""
273,Sidney,Altman,male,07/05/1939,Canada,Montreal,CA,05/04/2022,USA,Rockleigh NJ,US,Yale University,New Haven CT,USA,1989,273,chemistry,2,"""for their discovery of catalytic properties of RNA"""
136,Hans G.,Dehmelt,male,09/09/1922,Prussia (now Germany),Görlitz,DE,07/03/2017,USA,Seattle WA,US,University of Washington,Seattle WA,USA,1989,136,physics,4,"""for the development of the ion trap technique"""
135,Norman F.,Ramsey,male,27/08/1915,USA,Washington D.C.,US,04/11/2011,USA,Wayland MA,US,Harvard University,Cambridge MA,USA,1989,135,physics,2,"""for the invention of the separated oscillatory fields method and its use in the hydrogen maser and other atomic clocks"""
137,Wolfgang,Paul,male,10/08/1913,Germany,Lorenzkirch,DE,07/12/1993,Germany,Bonn,DE,University of Bonn,Bonn,Germany,1989,137,physics,4,"""for the development of the ion trap technique"""
703,Trygve,Haavelmo,male,13/12/1911,Norway,Skedsmo,NO,26/07/1999,Norway,Oslo,NO,University of Oslo,Oslo,Norway,1989,703,economics,1,"""for his clarification of the probability theory foundations of econometrics and his analyses of simultaneous economic structures"""
140,Richard E.,Taylor,male,02/11/1929,Canada,Medicine Hat Alberta,CA,22/02/2018,USA,Stanford CA,US,Stanford University,Stanford CA,USA,1990,140,physics,3,"""for their pioneering investigations concerning deep inelastic scattering of electrons on protons and bound neutrons which have been of essential importance for the development of the quark model in particle physics"""
139,Henry W.,Kendall,male,09/12/1926,USA,Boston MA,US,15/02/1999,USA,Wakulla Springs State Park FL,US,Massachusetts Institute of Technology (MIT),Cambridge MA,USA,1990,139,physics,3,"""for their pioneering investigations concerning deep inelastic scattering of electrons on protons and bound neutrons which have been of essential importance for the development of the quark model in particle physics"""
705,Merton H.,Miller,male,16/05/1923,USA,Boston MA,US,03/06/2000,USA,Chicago IL,US,University of Chicago,Chicago IL,USA,1990,705,economics,3,"""for their pioneering work in the theory of financial economics"""
442,Joseph E.,Murray,male,01/04/1919,USA,Milford MA,US,26/11/2012,USA,Boston MA,US,Brigham and Women's Hospital,Boston MA,USA,1990,442,medicine,2,"""for their discoveries concerning organ and cell transplantation in the treatment of human disease"""
443,E. Donnall,Thomas,male,15/03/1920,USA,Mart TX,US,20/10/2012,USA,Seattle WA,US,Fred Hutchinson Cancer Research Center,Seattle WA,USA,1990,443,medicine,2,"""for their discoveries concerning organ and cell transplantation in the treatment of human disease"""
707,Ronald H.,Coase,male,29/12/1910,United Kingdom,Willesden,GB,02/09/2013,USA,Chicago IL,US,University of Chicago,Chicago IL,USA,1991,707,economics,1,"""for his discovery and clarification of the significance of transaction costs and property rights for the institutional structure and functioning of the economy"""
141,Pierre-Gilles,de Gennes,male,24/10/1932,France,Paris,FR,18/05/2007,France,Orsay,FR,Collège de France,Paris,France,1991,141,physics,1,"""for discovering that methods developed for studying order phenomena in simple systems can be generalized to more complex forms of matter in particular to liquid crystals and polymers"""
276,Richard R.,Ernst,male,14/08/1933,Switzerland,Winterthur,CH,04/06/2021,Switzerland,Winterthur,CH,Eidgenössische Technische Hochschule (Swiss Federal Institute of Technology),Zurich,Switzerland,1991,276,chemistry,1,"""for his contributions to the development of the methodology of high resolution nuclear magnetic resonance (NMR) spectroscopy"""
446,Edmond H.,Fischer,male,06/04/1920,China,Shanghai,CN,27/08/2021,USA,Seattle WA,US,University of Washington,Seattle WA,USA,1992,446,medicine,2,"""for their discoveries concerning reversible protein phosphorylation as a biological regulatory mechanism"""
708,Gary,Becker,male,02/12/1930,USA,Pottsville PA,US,03/05/2014,USA,Chicago IL,US,University of Chicago,Chicago IL,USA,1992,708,economics,1,"""for having extended the domain of microeconomic analysis to a wide range of human behaviour and interaction including nonmarket behaviour"""
142,Georges,Charpak,male,01/08/1924,Poland,Dabrovica,PL,29/09/2010,France,Paris,FR,École Supérieure de Physique et Chimie,Paris,France,1992,142,physics,1,"""for his invention and development of particle detectors in particular the multiwire proportional chamber"""
447,Edwin G.,Krebs,male,06/06/1918,USA,Lansing IA,US,21/12/2009,USA,Seattle WA,US,University of Washington,Seattle WA,USA,1992,447,medicine,2,"""for their discoveries concerning reversible protein phosphorylation as a biological regulatory mechanism"""
710,Douglass C.,North,male,05/11/1920,USA,Cambridge MA,US,23/11/2015,USA,Benzonia MI,US,Washington University,St. Louis MO,USA,1993,710,economics,2,"""for having renewed research in economic history by applying economic theory and quantitative methods in order to explain economic and institutional change"""
279,Michael,Smith,male,26/04/1932,United Kingdom,Blackpool,GB,04/10/2000,Canada,Vancouver,CA,University of British Columbia,Vancouver,Canada,1993,279,chemistry,2,"""for his fundamental contributions to the establishment of oligonucleotide-based site-directed mutagenesis and its development for protein studies"""
709,Robert W.,Fogel,male,01/07/1927,USA,New York NY,US,11/06/2013,USA,Oak Lawn IL,US,University of Chicago,Chicago IL,USA,1993,709,economics,2,"""for having renewed research in economic history by applying economic theory and quantitative methods in order to explain economic and institutional change"""
450,Alfred G.,Gilman,male,01/07/1941,USA,New Haven CT,US,23/12/2015,USA,Dallas TX,US,University of Texas Southwestern Medical Center at Dallas,Dallas TX,USA,1994,450,medicine,2,"""for their discovery of G-proteins and the role of these proteins in signal transduction in cells"""
451,Martin,Rodbell,male,01/12/1925,USA,Baltimore MD,US,07/12/1998,USA,Chapel Hill NC,US,National Institute of Environmental Health Sciences,Research Triangle Park NC,USA,1994,451,medicine,2,"""for their discovery of G-proteins and the role of these proteins in signal transduction in cells"""
280,George A.,Olah,male,22/05/1927,Hungary,Budapest,HU,08/03/2017,USA,Los Angeles CA,US,University of Southern California,Los Angeles CA,USA,1994,280,chemistry,1,"""for his contribution to carbocation chemistry"""
145,Bertram N.,Brockhouse,male,15/07/1918,Canada,Lethbridge Alberta,CA,13/10/2003,Canada,Hamilton Ontario,CA,McMaster University,Hamilton Ontario,Canada,1994,145,physics,2,"""for the development of neutron spectroscopy"""
146,Clifford G.,Shull,male,23/09/1915,USA,Pittsburgh PA,US,31/03/2001,USA,Medford MA,US,Massachusetts Institute of Technology (MIT),Cambridge MA,USA,1994,146,physics,2,"""for the development of the neutron diffraction technique"""
711,John C.,Harsanyi,male,29/05/1920,Hungary,Budapest,HU,09/08/2000,USA,Berkeley CA,US,University of California,Berkeley CA,USA,1994,711,economics,3,"""for their pioneering analysis of equilibria in the theory of non-cooperative games"""
712,John F.,Nash Jr.,male,13/06/1928,USA,Bluefield WV,US,23/05/2015,USA,New Jersey NJ,US,Princeton University,Princeton NJ,USA,1994,712,economics,3,"""for their pioneering analysis of equilibria in the theory of non-cooperative games"""
713,Reinhard,Selten,male,05/10/1930,Germany (now Poland),Breslau (now Wroclaw),PL,23/08/2016,Poland,Poznan,PL,Rheinische Friedrich-Wilhelms-Universität,Bonn,Germany,1994,713,economics,3,"""for their pioneering analysis of equilibria in the theory of non-cooperative games"""
148,Frederick,Reines,male,16/03/1918,USA,Paterson NJ,US,26/08/1998,USA,Orange CA,US,University of California,Irvine CA,USA,1995,148,physics,2,"""for the detection of the neutrino"""
452,Edward B.,Lewis,male,20/05/1918,USA,Wilkes-Barre PA,US,21/07/2004,USA,Pasadena CA,US,California Institute of Technology (Caltech),Pasadena CA,USA,1995,452,medicine,3,"""for their discoveries concerning the genetic control of early embryonic development"""
281,Paul J.,Crutzen,male,03/12/1933,the Netherlands,Amsterdam,NL,28/01/2021,Germany,Mainz,DE,Max-Planck-Institut für Chemie,Mainz,Germany,1995,281,chemistry,3,"""for their work in atmospheric chemistry particularly concerning the formation and decomposition of ozone"""
282,Mario J.,Molina,male,19/03/1943,Mexico,Mexico City,MX,07/10/2020,Mexico,Mexico City,MX,Massachusetts Institute of Technology (MIT),Cambridge MA,USA,1995,282,chemistry,3,"""for their work in atmospheric chemistry particularly concerning the formation and decomposition of ozone"""
283,F. Sherwood,Rowland,male,28/06/1927,USA,Delaware OH,US,10/03/2012,USA,Corona del Mar CA,US,University of California,Irvine CA,USA,1995,283,chemistry,3,"""for their work in atmospheric chemistry particularly concerning the formation and decomposition of ozone"""
147,Martin L.,Perl,male,24/06/1927,USA,New York NY,US,30/09/2014,USA,Palo Alto CA,US,Stanford University,Stanford CA,USA,1995,147,physics,2,"""for the discovery of the tau lepton"""
151,Robert C.,Richardson,male,26/06/1937,USA,Washington D.C.,US,19/02/2013,USA,Ithaca NY,US,Cornell University,Ithaca NY,USA,1996,151,physics,3,"""for their discovery of superfluidity in helium-3"""
286,Richard E.,Smalley,male,06/06/1943,USA,Akron OH,US,28/10/2005,USA,Houston TX,US,Rice University,Houston TX,USA,1996,286,chemistry,3,"""for their discovery of fullerenes"""
284,Robert F.,Curl Jr.,male,23/08/1933,USA,Alice TX,US,03/07/2022,USA,Houston TX,US,Rice University,Houston TX,USA,1996,284,chemistry,3,"""for their discovery of fullerenes"""
716,William,Vickrey,male,21/06/1914,Canada,Victoria BC,CA,11/10/1996,USA,Harrison NY,US,Columbia University,New York NY,USA,1996,716,economics,2,"""for their fundamental contributions to the economic theory of incentives under asymmetric information"""
285,Sir Harold,Kroto,male,07/10/1939,United Kingdom,Wisbech Cambridgeshire,GB,30/04/2016,United Kingdom,Lewes East Sussex,GB,University of Sussex,Brighton,United Kingdom,1996,285,chemistry,3,"""for their discovery of fullerenes"""
715,James A.,Mirrlees,male,05/07/1936,Scotland,Minnigaff,GB,29/08/2018,United Kingdom,Cambridge,GB,University of Cambridge,Cambridge,United Kingdom,1996,715,economics,2,"""for their fundamental contributions to the economic theory of incentives under asymmetric information"""
289,Jens C.,Skou,male,08/10/1918,Denmark,Lemvig,DK,28/05/2018,Denmark,Aarhus,DK,Aarhus University,Aarhus,Denmark,1997,289,chemistry,2,"""for the first discovery of an ion-transporting enzyme Na+ K+ -ATPase"""
287,Paul D.,Boyer,male,31/07/1918,USA,Provo UT,US,02/06/2018,USA,Los Angeles CA,US,University of California,Los Angeles CA,USA,1997,287,chemistry,4,"""for their elucidation of the enzymatic mechanism underlying the synthesis of adenosine triphosphate (ATP)"""
290,Walter,Kohn,male,09/03/1923,Austria,Vienna,AT,19/04/2016,USA,Santa Barbara CA,US,University of California,Santa Barbara CA,USA,1998,290,chemistry,2,"""for his development of the density-functional theory"""
458,Robert F.,Furchgott,male,04/06/1916,USA,Charleston SC,US,19/05/2009,USA,Seattle WA,US,SUNY Health Science Center,Brooklyn NY,USA,1998,458,medicine,3,"""for their discoveries concerning nitric oxide as a signalling molecule in the cardiovascular system"""
291,John,Pople,male,31/10/1925,United Kingdom,Burnham-on-Sea,GB,15/03/2004,USA,Chicago IL,US,Northwestern University,Evanston IL,USA,1998,291,chemistry,2,"""for his development of computational methods in quantum chemistry"""
292,Ahmed,Zewail,male,26/02/1946,Egypt,Damanhur,EG,02/08/2016,USA,Pasadena CA,US,California Institute of Technology (Caltech),Pasadena CA,USA,1999,292,chemistry,1,"""for his studies of the transition states of chemical reactions using femtosecond spectroscopy"""
720,Robert,Mundell,male,24/10/1932,Canada,Kingston ON,CA,04/04/2021,Italy,Siena,IT,Columbia University,New York NY,USA,1999,720,economics,1,"""for his analysis of monetary and fiscal policy under different exchange rate regimes and his analysis of optimum currency areas"""
461,Günter,Blobel,male,21/05/1936,Germany (now Poland),Waltersdorf (now Niegoslawice),PL,18/02/2018,USA,New York NY,US,Rockefeller University,New York NY,USA,1999,461,medicine,1,"""for the discovery that proteins have intrinsic signals that govern their transport and localization in the cell"""
730,Alan,MacDiarmid,male,14/04/1927,New Zealand,Masterton,NZ,07/02/2007,USA,Drexel Hill PA,US,University of Pennsylvania,Philadelphia PA,USA,2000,730,chemistry,3,"""for the discovery and development of conductive polymers"""
723,Paul,Greengard,male,11/12/1925,USA,New York NY,US,13/04/2019,USA,New York NY,US,Rockefeller University,New York NY,USA,2000,723,medicine,3,"""for their discoveries concerning signal transduction in the nervous system"""
726,Zhores,Alferov,male,15/03/1930,USSR (now Belarus),Vitebsk Belorussia,BY,01/03/2019,Russia,St. Petersburg,RU,A.F. Ioffe Physico-Technical Institute,St. Petersburg,Russia,2000,726,physics,4,"""for developing semiconductor heterostructures used in high-speed- and opto-electronics"""
722,Arvid,Carlsson,male,25/01/1923,Sweden,Uppsala,SE,29/06/2018,Sweden,Gothenburg,SE,Göteborg University,Gothenburg,Sweden,2000,722,medicine,3,"""for their discoveries concerning signal transduction in the nervous system"""
728,Jack,Kilby,male,08/11/1923,USA,Jefferson City MO,US,20/06/2005,USA,Dallas TX,US,Texas Instruments,Dallas TX,USA,2000,728,physics,2,"""for his part in the invention of the integrated circuit"""
756,John B.,Fenn,male,15/06/1917,USA,New York NY,US,10/12/2010,USA,Richmond VA,US,Virginia Commonwealth University,Richmond VA,USA,2002,756,chemistry,4,"""for their development of soft desorption ionisation methods for mass spectrometric analyses of biological macromolecules"""
754,Masatoshi,Koshiba,male,19/09/1926,Japan,Toyohashi,JP,12/11/2020,Japan,Tokyo,JP,University of Tokyo,Tokyo,Japan,2002,754,physics,4,"""for pioneering contributions to astrophysics in particular for the detection of cosmic neutrinos"""
753,Raymond,Davis Jr.,male,14/10/1914,USA,Washington D.C.,US,31/05/2006,USA,Blue Point NY,US,University of Pennsylvania,Philadelphia PA,USA,2002,753,physics,4,"""for pioneering contributions to astrophysics in particular for the detection of cosmic neutrinos"""
752,John E.,Sulston,male,27/03/1942,United Kingdom,Cambridge,GB,06/03/2018,United Kingdom,Stapleford Cambridgeshire,GB,The Wellcome Trust Sanger Institute,Cambridge,United Kingdom,2002,752,medicine,3,"""for their discoveries concerning genetic regulation of organ development and programmed cell death'"""
755,Riccardo,Giacconi,male,06/10/1931,Italy,Genoa,IT,16/12/2018,USA,La Jolla CA,US,Associated Universities Inc.,Washington D.C.,USA,2002,755,physics,2,"""for pioneering contributions to astrophysics which have led to the discovery of cosmic X-ray sources"""
772,Clive W.J.,Granger,male,04/09/1934,United Kingdom,Swansea,GB,27/05/2009,USA,San Diego CA,US,University of California,San Diego CA,USA,2003,772,economics,2,"""for methods of analyzing economic time series with common trends (cointegration)"""
764,Paul C.,Lauterbur,male,06/05/1929,USA,Sidney OH,US,27/03/2007,USA,Urbana IL,US,University of Illinois,Urbana IL,USA,2003,764,medicine,2,"""for their discoveries concerning magnetic resonance imaging"""
787,Edward C.,Prescott,male,26/12/1940,USA,Glens Falls NY,US,06/11/2022,USA,Paradise Valley AZ,US,Arizona State University,Tempe AZ,USA,2004,787,economics,2,"""for their contributions to dynamic macroeconomics: the time consistency of economic policy and the driving forces behind business cycles"""
781,Irwin,Rose,male,16/07/1926,USA,Brooklyn NY,US,03/06/2015,USA,Deerfield MA,US,University of California,Irvine CA,USA,2004,781,chemistry,3,"""for the discovery of ubiquitin-mediated protein degradation"""
800,Thomas C.,Schelling,male,14/04/1921,USA,Oakland CA,US,13/12/2016,USA,Bethesda MD,US,University of Maryland Department of Economics and School of Public Policy,College Park MD,USA,2005,800,economics,2,"""for having enhanced our understanding of conflict and cooperation through game-theory analysis"""
795,Robert H.,Grubbs,male,27/02/1942,USA,Possum Trot KY,US,19/12/2021,USA,Duarte CA,US,California Institute of Technology (Caltech),Pasadena CA,USA,2005,795,chemistry,3,"""for the development of the metathesis method in organic synthesis"""
791,Roy J.,Glauber,male,01/09/1925,USA,New York NY,US,26/12/2018,USA,Newton MA,US,Harvard University,Cambridge MA,USA,2005,791,physics,2,"""for his contribution to the quantum theory of optical coherence"""
794,Yves,Chauvin,male,10/10/1930,Belgium,Menin,BE,27/01/2015,France,Tours,FR,Institut Français du Pétrole,Rueil-Malmaison,France,2005,794,chemistry,3,"""for the development of the metathesis method in organic synthesis"""
820,Leonid,Hurwicz,male,21/08/1917,Russia,Moscow,RU,24/06/2008,USA,Minneapolis MN,US,University of Minnesota,Minneapolis MN,USA,2007,820,economics,3,"""for having laid the foundations of mechanism design theory"""
813,Oliver,Smithies,male,23/06/1925,United Kingdom,Halifax,GB,10/01/2017,USA,Chapel Hill NC,US,University of North Carolina,Chapel Hill NC,USA,2007,813,medicine,3,"""for their discoveries of principles for introducing specific gene modifications in mice by the use of embryonic stem cells"""
815,Peter,Grünberg,male,18/05/1939,Czechoslovakia (now Czech Republic),Plzen,CZ,09/04/2018,Germany,Jülich,DE,Forschungszentrum J&uuml;lich,Jülich,Germany,2007,815,physics,2,"""for the discovery of Giant Magnetoresistance"""
831,Roger Y.,Tsien,male,01/02/1952,USA,New York NY,US,24/08/2016,USA,Eugene OR,US,University of California,San Diego CA,USA,2008,831,chemistry,3,"""for the discovery and development of the green fluorescent protein GFP"""
829,Osamu,Shimomura,male,27/08/1928,Japan,Kyoto,JP,19/10/2018,Japan,Nagasaki,JP,Marine Biological Laboratory (MBL),Woods Hole MA,USA,2008,829,chemistry,3,"""for the discovery and development of the green fluorescent protein GFP"""
828,Toshihide,Maskawa,male,07/02/1940,Japan,Nagoya,JP,23/07/2021,Japan,Kyoto,JP,Kyoto Sangyo University,Kyoto,Japan,2008,828,physics,4,"""for the discovery of the origin of the broken symmetry which predicts the existence of at least three families of quarks in nature"""
826,Yoichiro,Nambu,male,18/01/1921,Japan,Tokyo,JP,05/07/2015,Japan,Osaka,JP,Enrico Fermi Institute University of Chicago,Chicago IL,USA,2008,826,physics,2,"""for the discovery of the mechanism of spontaneous broken symmetry in subatomic physics"""
825,Luc,Montagnier,male,18/08/1932,France,Chabris,FR,08/02/2022,France,Paris,FR,World Foundation for AIDS Research and Prevention,Paris,France,2008,825,medicine,4,"""for their discovery of human immunodeficiency virus"""
846,Elinor,Ostrom,female,07/08/1933,USA,Los Angeles CA,US,12/06/2012,USA,Bloomington IN,US,Indiana University,Bloomington IN,USA,2009,846,economics,2,"""for her analysis of economic governance especially the commons"""
842,Thomas A.,Steitz,male,23/08/1940,USA,Milwaukee WI,US,23/08/2018,USA,Branford CT,US,Yale University,New Haven CT,USA,2009,842,chemistry,3,"""for studies of the structure and function of the ribosome"""
839,Willard S.,Boyle,male,19/08/1924,Canada,Amherst NS,CA,07/05/2011,Canada,Truro NS,CA,Bell Laboratories,Murray Hill NJ,USA,2009,839,physics,4,"""for the invention of an imaging semiconductor circuit - the CCD sensor"""
857,Dale T.,Mortensen,male,02/02/1939,USA,Enterprise OR,US,09/01/2014,USA,Wilmette IL,US,Northwestern University,Evanston IL,USA,2010,857,economics,3,"""for their analysis of markets with search frictions"""
848,Robert G.,Edwards,male,27/09/1925,United Kingdom,Batley,GB,10/04/2013,United Kingdom,Cambridge,GB,University of Cambridge,Cambridge,United Kingdom,2010,848,medicine,1,"""for the development of in vitro fertilization"""
852,Ei-ichi,Negishi,male,14/07/1935,China,Changchun,CN,06/06/2021,USA,Indianapolis IN,US,Purdue University,West Lafayette IN,USA,2010,852,chemistry,3,"""for palladium-catalyzed cross couplings in organic synthesis"""
863,Ralph M.,Steinman,male,14/01/1943,Canada,Montreal,CA,30/09/2011,USA,New York NY,US,Rockefeller University,New York NY,USA,2011,863,medicine,2,"""for his discovery of the dendritic cell and its role in adaptive immunity"""
883,Lloyd S.,Shapley,male,02/06/1923,USA,Cambridge MA,US,12/03/2016,USA,Tucson AZ,US,University of California,Los Angeles CA,USA,2012,883,economics,2,"""for the theory of stable allocations and the practice of market design"""
906,Isamu,Akasaki,male,30/01/1929,Japan,Chiran,JP,01/04/2021,Japan,Nagoya,JP,Meijo University,Nagoya,Japan,2014,906,physics,3,"""for the invention of efficient blue light-emitting diodes which has enabled bright and energy-saving white light sources"""
928,David J.,Thouless,male,21/09/1934,United Kingdom,Bearsden,GB,06/04/2019,United Kingdom,Cambridge,GB,University of Washington,Seattle WA,USA,2016,928,physics,2,"""for theoretical discoveries of topological phase transitions and topological phases of matter"""
960,Arthur,Ashkin,male,02/09/1922,USA,New York NY,US,21/09/2020,USA,Rumson NJ,US,Bell Laboratories,Holmdel NJ,USA,2018,960,physics,2,"""for the optical tweezers and their application to biological systems"""
